/*
 Navicat Premium Data Transfer

 Source Server         : localhost_my_test
 Source Server Type    : MySQL
 Source Server Version : 50711
 Source Host           : localhost
 Source Database       : fastdev

 Target Server Type    : MySQL
 Target Server Version : 50711
 File Encoding         : utf-8

 Date: 07/14/2017 17:00:46 PM
*/

SET NAMES utf8;
SET FOREIGN_KEY_CHECKS = 0;

-- ----------------------------
--  Table structure for `gen_scheme`
-- ----------------------------
DROP TABLE IF EXISTS `gen_scheme`;
CREATE TABLE `gen_scheme` (
  `id` varchar(64) NOT NULL COMMENT '编号',
  `name` varchar(200) DEFAULT NULL COMMENT '名称',
  `category` varchar(2000) DEFAULT NULL COMMENT '分类',
  `package_name` varchar(500) DEFAULT NULL COMMENT '生成包路径',
  `module_name` varchar(30) DEFAULT NULL COMMENT '生成模块名',
  `sub_module_name` varchar(30) DEFAULT NULL COMMENT '生成子模块名',
  `function_name` varchar(500) DEFAULT NULL COMMENT '生成功能名',
  `function_name_simple` varchar(100) DEFAULT NULL COMMENT '生成功能名（简写）',
  `function_author` varchar(100) DEFAULT NULL COMMENT '生成功能作者',
  `gen_table_id` varchar(200) DEFAULT NULL COMMENT '生成表编号',
  `create_by` varchar(64) DEFAULT NULL COMMENT '创建者',
  `create_date` datetime DEFAULT NULL COMMENT '创建时间',
  `update_by` varchar(64) DEFAULT NULL COMMENT '更新者',
  `update_date` datetime DEFAULT NULL COMMENT '更新时间',
  `remarks` varchar(255) DEFAULT NULL COMMENT '备注信息',
  `del_flag` char(1) NOT NULL DEFAULT '0' COMMENT '删除标记（0：正常；1：删除）',
  PRIMARY KEY (`id`),
  KEY `gen_scheme_del_flag` (`del_flag`)
) ENGINE=MyISAM DEFAULT CHARSET=utf8 COMMENT='生成方案';

-- ----------------------------
--  Records of `gen_scheme`
-- ----------------------------
BEGIN;
INSERT INTO `gen_scheme` VALUES ('9c9de9db6da743bb899036c6546061ac', '单表', 'curd', 'com.thinkgem.jeesite.modules', 'test', null, '单表生成', '单表', 'ThinkGem', 'aef6f1fc948f4c9ab1c1b780bc471cc2', '1', '2013-08-12 13:10:05', '1', '2013-08-12 13:10:05', null, '0'), ('e6d905fd236b46d1af581dd32bdfb3b0', '主子表', 'curd_many', 'com.thinkgem.jeesite.modules', 'test', null, '主子表生成', '主子表', 'ThinkGem', '43d6d5acffa14c258340ce6765e46c6f', '1', '2013-08-12 13:10:05', '1', '2013-08-12 13:10:05', null, '0'), ('35a13dc260284a728a270db3f382664b', '树结构', 'treeTable', 'com.thinkgem.jeesite.modules', 'test', null, '树结构生成', '树结构', 'ThinkGem', 'f6e4dafaa72f4c509636484715f33a96', '1', '2013-08-12 13:10:05', '1', '2013-08-12 13:10:05', null, '0'), ('bb8fd40d899642c48437498c38d556f1', '测试', 'curd', 'com.fastdev.jeesite.business', 'test', '', 'aa', 'bb', 'cc', '99720d2a1485414384a9e62ac10c6155', '1', '2017-07-13 23:24:13', '1', '2017-07-14 11:15:52', '', '1'), ('8cc50899c6e8457bb2ca9b6e58161728', '代码生成测试', 'curd', 'com.fastdev.jeesite', 'testdatazgf', '', '代码生成测试', '代码生成测试', 'zhengguofeng', 'd85a35f862ca46e6bc238561391901f7', '1', '2017-07-14 14:28:08', '1', '2017-07-14 15:41:17', '', '0');
COMMIT;

-- ----------------------------
--  Table structure for `gen_table`
-- ----------------------------
DROP TABLE IF EXISTS `gen_table`;
CREATE TABLE `gen_table` (
  `id` varchar(64) NOT NULL COMMENT '编号',
  `name` varchar(200) DEFAULT NULL COMMENT '名称',
  `comments` varchar(500) DEFAULT NULL COMMENT '描述',
  `class_name` varchar(100) DEFAULT NULL COMMENT '实体类名称',
  `parent_table` varchar(200) DEFAULT NULL COMMENT '关联父表',
  `parent_table_fk` varchar(100) DEFAULT NULL COMMENT '关联父表外键',
  `create_by` varchar(64) DEFAULT NULL COMMENT '创建者',
  `create_date` datetime DEFAULT NULL COMMENT '创建时间',
  `update_by` varchar(64) DEFAULT NULL COMMENT '更新者',
  `update_date` datetime DEFAULT NULL COMMENT '更新时间',
  `remarks` varchar(255) DEFAULT NULL COMMENT '备注信息',
  `del_flag` char(1) NOT NULL DEFAULT '0' COMMENT '删除标记（0：正常；1：删除）',
  PRIMARY KEY (`id`),
  KEY `gen_table_name` (`name`),
  KEY `gen_table_del_flag` (`del_flag`)
) ENGINE=MyISAM DEFAULT CHARSET=utf8 COMMENT='业务表';

-- ----------------------------
--  Records of `gen_table`
-- ----------------------------
BEGIN;
INSERT INTO `gen_table` VALUES ('aef6f1fc948f4c9ab1c1b780bc471cc2', 'test_data', '业务数据表', 'TestData', null, null, '1', '2013-08-12 13:10:05', '1', '2013-08-12 13:10:05', null, '0'), ('43d6d5acffa14c258340ce6765e46c6f', 'test_data_main', '业务数据表', 'TestDataMain', null, null, '1', '2013-08-12 13:10:05', '1', '2013-08-12 13:10:05', null, '0'), ('6e05c389f3c6415ea34e55e9dfb28934', 'test_data_child', '业务数据子表', 'TestDataChild', 'test_data_main', 'test_data_main_id', '1', '2013-08-12 13:10:05', '1', '2013-08-12 13:10:05', null, '0'), ('f6e4dafaa72f4c509636484715f33a96', 'test_tree', '树结构表', 'TestTree', null, null, '1', '2013-08-12 13:10:05', '1', '2013-08-12 13:10:05', null, '0'), ('99720d2a1485414384a9e62ac10c6155', 'test_data_zgf', '业务数据表', 'TestDataZgf', '', '', '1', '2017-07-13 23:22:55', '1', '2017-07-14 11:15:40', '', '1'), ('d85a35f862ca46e6bc238561391901f7', 'test_data_zgf', '测试表', 'TestDataZgf', '', '', '1', '2017-07-14 11:56:31', '1', '2017-07-14 15:30:44', '', '0');
COMMIT;

-- ----------------------------
--  Table structure for `gen_table_column`
-- ----------------------------
DROP TABLE IF EXISTS `gen_table_column`;
CREATE TABLE `gen_table_column` (
  `id` varchar(64) NOT NULL COMMENT '编号',
  `gen_table_id` varchar(64) DEFAULT NULL COMMENT '归属表编号',
  `name` varchar(200) DEFAULT NULL COMMENT '名称',
  `comments` varchar(500) DEFAULT NULL COMMENT '描述',
  `jdbc_type` varchar(100) DEFAULT NULL COMMENT '列的数据类型的字节长度',
  `java_type` varchar(500) DEFAULT NULL COMMENT 'JAVA类型',
  `java_field` varchar(200) DEFAULT NULL COMMENT 'JAVA字段名',
  `is_pk` char(1) DEFAULT NULL COMMENT '是否主键',
  `is_null` char(1) DEFAULT NULL COMMENT '是否可为空',
  `is_insert` char(1) DEFAULT NULL COMMENT '是否为插入字段',
  `is_edit` char(1) DEFAULT NULL COMMENT '是否编辑字段',
  `is_list` char(1) DEFAULT NULL COMMENT '是否列表字段',
  `is_query` char(1) DEFAULT NULL COMMENT '是否查询字段',
  `query_type` varchar(200) DEFAULT NULL COMMENT '查询方式（等于、不等于、大于、小于、范围、左LIKE、右LIKE、左右LIKE）',
  `show_type` varchar(200) DEFAULT NULL COMMENT '字段生成方案（文本框、文本域、下拉框、复选框、单选框、字典选择、人员选择、部门选择、区域选择）',
  `dict_type` varchar(200) DEFAULT NULL COMMENT '字典类型',
  `settings` varchar(2000) DEFAULT NULL COMMENT '其它设置（扩展字段JSON）',
  `sort` decimal(10,0) DEFAULT NULL COMMENT '排序（升序）',
  `create_by` varchar(64) DEFAULT NULL COMMENT '创建者',
  `create_date` datetime DEFAULT NULL COMMENT '创建时间',
  `update_by` varchar(64) DEFAULT NULL COMMENT '更新者',
  `update_date` datetime DEFAULT NULL COMMENT '更新时间',
  `remarks` varchar(255) DEFAULT NULL COMMENT '备注信息',
  `del_flag` char(1) NOT NULL DEFAULT '0' COMMENT '删除标记（0：正常；1：删除）',
  PRIMARY KEY (`id`),
  KEY `gen_table_column_table_id` (`gen_table_id`),
  KEY `gen_table_column_name` (`name`),
  KEY `gen_table_column_sort` (`sort`),
  KEY `gen_table_column_del_flag` (`del_flag`)
) ENGINE=MyISAM DEFAULT CHARSET=utf8 COMMENT='业务表字段';

-- ----------------------------
--  Records of `gen_table_column`
-- ----------------------------
BEGIN;
INSERT INTO `gen_table_column` VALUES ('5e5c69bd3eaa4dcc9743f361f3771c08', 'aef6f1fc948f4c9ab1c1b780bc471cc2', 'id', '编号', 'varchar2(64)', 'String', 'id', '1', '0', '1', '0', '0', '0', '=', 'input', null, null, '1', '1', '2013-08-12 13:10:05', '1', '2013-08-12 13:10:05', null, '0'), ('1d5ca4d114be41e99f8dc42a682ba609', 'aef6f1fc948f4c9ab1c1b780bc471cc2', 'user_id', '归属用户', 'varchar2(64)', 'com.thinkgem.jeesite.modules.modules.sys.entity.User', 'user.id|name', '0', '1', '1', '1', '1', '1', '=', 'userselect', null, null, '2', '1', '2013-08-12 13:10:05', '1', '2013-08-12 13:10:05', null, '0'), ('ad3bf0d4b44b4528a5211a66af88f322', 'aef6f1fc948f4c9ab1c1b780bc471cc2', 'office_id', '归属部门', 'varchar2(64)', 'com.thinkgem.jeesite.modules.modules.sys.entity.Office', 'office.id|name', '0', '1', '1', '1', '1', '1', '=', 'officeselect', null, null, '3', '1', '2013-08-12 13:10:05', '1', '2013-08-12 13:10:05', null, '0'), ('71ea4bc10d274911b405f3165fc1bb1a', 'aef6f1fc948f4c9ab1c1b780bc471cc2', 'area_id', '归属区域', 'nvarchar2(64)', 'com.thinkgem.jeesite.modules.modules.sys.entity.Area', 'area.id|name', '0', '1', '1', '1', '1', '1', '=', 'areaselect', null, null, '4', '1', '2013-08-12 13:10:05', '1', '2013-08-12 13:10:05', null, '0'), ('4a0a1fff86ca46519477d66b82e01991', 'aef6f1fc948f4c9ab1c1b780bc471cc2', 'name', '名称', 'nvarchar2(100)', 'String', 'name', '0', '1', '1', '1', '1', '1', 'like', 'input', null, null, '5', '1', '2013-08-12 13:10:05', '1', '2013-08-12 13:10:05', null, '0'), ('0902a0cb3e8f434280c20e9d771d0658', 'aef6f1fc948f4c9ab1c1b780bc471cc2', 'sex', '性别', 'char(1)', 'String', 'sex', '0', '1', '1', '1', '1', '1', '=', 'radiobox', 'sex', null, '6', '1', '2013-08-12 13:10:05', '1', '2013-08-12 13:10:05', null, '0'), ('1b8eb55f65284fa6b0a5879b6d8ad3ec', 'aef6f1fc948f4c9ab1c1b780bc471cc2', 'in_date', '加入日期', 'date(7)', 'java.util.Date', 'inDate', '0', '1', '1', '1', '0', '1', 'between', 'dateselect', null, null, '7', '1', '2013-08-12 13:10:05', '1', '2013-08-12 13:10:05', null, '0'), ('398b4a03f06940bfb979ca574e1911e3', 'aef6f1fc948f4c9ab1c1b780bc471cc2', 'create_by', '创建者', 'varchar2(64)', 'com.thinkgem.jeesite.modules.modules.sys.entity.User', 'createBy.id', '0', '0', '1', '0', '0', '0', '=', 'input', null, null, '8', '1', '2013-08-12 13:10:05', '1', '2013-08-12 13:10:05', null, '0'), ('103fc05c88ff40639875c2111881996a', 'aef6f1fc948f4c9ab1c1b780bc471cc2', 'create_date', '创建时间', 'timestamp(6)', 'java.util.Date', 'createDate', '0', '0', '1', '0', '0', '0', '=', 'dateselect', null, null, '9', '1', '2013-08-12 13:10:05', '1', '2013-08-12 13:10:05', null, '0'), ('5a4a1933c9c844fdba99de043dc8205e', 'aef6f1fc948f4c9ab1c1b780bc471cc2', 'update_by', '更新者', 'varchar2(64)', 'com.thinkgem.jeesite.modules.modules.sys.entity.User', 'updateBy.id', '0', '0', '1', '1', '0', '0', '=', 'input', null, null, '10', '1', '2013-08-12 13:10:05', '1', '2013-08-12 13:10:05', null, '0'), ('eb2e5afd13f147a990d30e68e7f64e12', 'aef6f1fc948f4c9ab1c1b780bc471cc2', 'update_date', '更新时间', 'timestamp(6)', 'java.util.Date', 'updateDate', '0', '0', '1', '1', '1', '0', '=', 'dateselect', null, null, '11', '1', '2013-08-12 13:10:05', '1', '2013-08-12 13:10:05', null, '0'), ('8da38dbe5fe54e9bb1f9682c27fbf403', 'aef6f1fc948f4c9ab1c1b780bc471cc2', 'remarks', '备注信息', 'nvarchar2(255)', 'String', 'remarks', '0', '1', '1', '1', '1', '0', '=', 'textarea', null, null, '12', '1', '2013-08-12 13:10:05', '1', '2013-08-12 13:10:05', null, '0'), ('35af241859624a01917ab64c3f4f0813', 'aef6f1fc948f4c9ab1c1b780bc471cc2', 'del_flag', '删除标记（0：正常；1：删除）', 'char(1)', 'String', 'delFlag', '0', '0', '1', '0', '0', '0', '=', 'radiobox', 'del_flag', null, '13', '1', '2013-08-12 13:10:05', '1', '2013-08-12 13:10:05', null, '0'), ('19c6478b8ff54c60910c2e4fc3d27503', '43d6d5acffa14c258340ce6765e46c6f', 'id', '编号', 'varchar2(64)', 'String', 'id', '1', '0', '1', '0', '0', '0', '=', 'input', null, null, '1', '1', '2013-08-12 13:10:05', '1', '2013-08-12 13:10:05', null, '0'), ('8b9de88df53e485d8ef461c4b1824bc1', '43d6d5acffa14c258340ce6765e46c6f', 'user_id', '归属用户', 'varchar2(64)', 'com.thinkgem.jeesite.modules.modules.sys.entity.User', 'user.id|name', '0', '1', '1', '1', '1', '1', '=', 'userselect', null, null, '2', '1', '2013-08-12 13:10:05', '1', '2013-08-12 13:10:05', null, '0'), ('ca68a2d403f0449cbaa1d54198c6f350', '43d6d5acffa14c258340ce6765e46c6f', 'office_id', '归属部门', 'varchar2(64)', 'com.thinkgem.jeesite.modules.modules.sys.entity.Office', 'office.id|name', '0', '1', '1', '1', '0', '0', '=', 'officeselect', null, null, '3', '1', '2013-08-12 13:10:05', '1', '2013-08-12 13:10:05', null, '0'), ('3a7cf23ae48a4c849ceb03feffc7a524', '43d6d5acffa14c258340ce6765e46c6f', 'area_id', '归属区域', 'nvarchar2(64)', 'com.thinkgem.jeesite.modules.modules.sys.entity.Area', 'area.id|name', '0', '1', '1', '1', '0', '0', '=', 'areaselect', null, null, '4', '1', '2013-08-12 13:10:05', '1', '2013-08-12 13:10:05', null, '0'), ('67d0331f809a48ee825602659f0778e8', '43d6d5acffa14c258340ce6765e46c6f', 'name', '名称', 'nvarchar2(100)', 'String', 'name', '0', '1', '1', '1', '1', '1', 'like', 'input', null, null, '5', '1', '2013-08-12 13:10:05', '1', '2013-08-12 13:10:05', null, '0'), ('d5c2d932ae904aa8a9f9ef34cd36fb0b', '43d6d5acffa14c258340ce6765e46c6f', 'sex', '性别', 'char(1)', 'String', 'sex', '0', '1', '1', '1', '0', '1', '=', 'select', 'sex', null, '6', '1', '2013-08-12 13:10:05', '1', '2013-08-12 13:10:05', null, '0'), ('1ac6562f753d4e599693840651ab2bf7', '43d6d5acffa14c258340ce6765e46c6f', 'in_date', '加入日期', 'date(7)', 'java.util.Date', 'inDate', '0', '1', '1', '1', '0', '0', '=', 'dateselect', null, null, '7', '1', '2013-08-12 13:10:05', '1', '2013-08-12 13:10:05', null, '0'), ('8b48774cfe184913b8b5eb17639cf12d', '43d6d5acffa14c258340ce6765e46c6f', 'create_by', '创建者', 'varchar2(64)', 'com.thinkgem.jeesite.modules.modules.sys.entity.User', 'createBy.id', '0', '0', '1', '0', '0', '0', '=', 'input', null, null, '8', '1', '2013-08-12 13:10:05', '1', '2013-08-12 13:10:05', null, '0'), ('4c8ef12cb6924b9ba44048ba9913150b', '43d6d5acffa14c258340ce6765e46c6f', 'create_date', '创建时间', 'timestamp(6)', 'java.util.Date', 'createDate', '0', '0', '1', '0', '0', '0', '=', 'dateselect', null, null, '9', '1', '2013-08-12 13:10:05', '1', '2013-08-12 13:10:05', null, '0'), ('21756504ffdc487eb167a823f89c0c06', '43d6d5acffa14c258340ce6765e46c6f', 'update_by', '更新者', 'varchar2(64)', 'com.thinkgem.jeesite.modules.modules.sys.entity.User', 'updateBy.id', '0', '0', '1', '1', '0', '0', '=', 'input', null, null, '10', '1', '2013-08-12 13:10:05', '1', '2013-08-12 13:10:05', null, '0'), ('3d9c32865bb44e85af73381df0ffbf3d', '43d6d5acffa14c258340ce6765e46c6f', 'update_date', '更新时间', 'timestamp(6)', 'java.util.Date', 'updateDate', '0', '0', '1', '1', '1', '0', '=', 'dateselect', null, null, '11', '1', '2013-08-12 13:10:05', '1', '2013-08-12 13:10:05', null, '0'), ('cb9c0ec3da26432d9cbac05ede0fd1d0', '43d6d5acffa14c258340ce6765e46c6f', 'remarks', '备注信息', 'nvarchar2(255)', 'String', 'remarks', '0', '1', '1', '1', '1', '0', '=', 'textarea', null, null, '12', '1', '2013-08-12 13:10:05', '1', '2013-08-12 13:10:05', null, '0'), ('e8d11127952d4aa288bb3901fc83127f', '43d6d5acffa14c258340ce6765e46c6f', 'del_flag', '删除标记（0：正常；1：删除）', 'char(1)', 'String', 'delFlag', '0', '0', '1', '0', '0', '0', '=', 'radiobox', 'del_flag', null, '13', '1', '2013-08-12 13:10:05', '1', '2013-08-12 13:10:05', null, '0'), ('33152ce420904594b3eac796a27f0560', '6e05c389f3c6415ea34e55e9dfb28934', 'id', '编号', 'varchar2(64)', 'String', 'id', '1', '0', '1', '0', '0', '0', '=', 'input', null, null, '1', '1', '2013-08-12 13:10:05', '1', '2013-08-12 13:10:05', null, '0'), ('68345713bef3445c906f70e68f55de38', '6e05c389f3c6415ea34e55e9dfb28934', 'test_data_main_id', '业务主表', 'varchar2(64)', 'String', 'testDataMain.id', '0', '1', '1', '1', '0', '0', '=', 'input', null, null, '2', '1', '2013-08-12 13:10:05', '1', '2013-08-12 13:10:05', null, '0'), ('e64050a2ebf041faa16f12dda5dcf784', '6e05c389f3c6415ea34e55e9dfb28934', 'name', '名称', 'nvarchar2(100)', 'String', 'name', '0', '1', '1', '1', '1', '1', 'like', 'input', null, null, '3', '1', '2013-08-12 13:10:05', '1', '2013-08-12 13:10:05', null, '0'), ('12fa38dd986e41908f7fefa5839d1220', '6e05c389f3c6415ea34e55e9dfb28934', 'create_by', '创建者', 'varchar2(64)', 'com.thinkgem.jeesite.modules.modules.sys.entity.User', 'createBy.id', '0', '0', '1', '0', '0', '0', '=', 'input', null, null, '4', '1', '2013-08-12 13:10:05', '1', '2013-08-12 13:10:05', null, '0'), ('8b7cf0525519474ebe1de9e587eb7067', '6e05c389f3c6415ea34e55e9dfb28934', 'create_date', '创建时间', 'timestamp(6)', 'java.util.Date', 'createDate', '0', '0', '1', '0', '0', '0', '=', 'dateselect', null, null, '5', '1', '2013-08-12 13:10:05', '1', '2013-08-12 13:10:05', null, '0'), ('56fa71c0bd7e4132931874e548dc9ba5', '6e05c389f3c6415ea34e55e9dfb28934', 'update_by', '更新者', 'varchar2(64)', 'com.thinkgem.jeesite.modules.modules.sys.entity.User', 'updateBy.id', '0', '0', '1', '1', '0', '0', '=', 'input', null, null, '6', '1', '2013-08-12 13:10:05', '1', '2013-08-12 13:10:05', null, '0'), ('652491500f2641ffa7caf95a93e64d34', '6e05c389f3c6415ea34e55e9dfb28934', 'update_date', '更新时间', 'timestamp(6)', 'java.util.Date', 'updateDate', '0', '0', '1', '1', '1', '0', '=', 'dateselect', null, null, '7', '1', '2013-08-12 13:10:05', '1', '2013-08-12 13:10:05', null, '0'), ('7f871058d94c4d9a89084be7c9ce806d', '6e05c389f3c6415ea34e55e9dfb28934', 'remarks', '备注信息', 'nvarchar2(255)', 'String', 'remarks', '0', '1', '1', '1', '1', '0', '=', 'input', null, null, '8', '1', '2013-08-12 13:10:05', '1', '2013-08-12 13:10:05', null, '0'), ('53d65a3d306d4fac9e561db9d3c66912', '6e05c389f3c6415ea34e55e9dfb28934', 'del_flag', '删除标记（0：正常；1：删除）', 'char(1)', 'String', 'delFlag', '0', '0', '1', '0', '0', '0', '=', 'radiobox', 'del_flag', null, '9', '1', '2013-08-12 13:10:05', '1', '2013-08-12 13:10:05', null, '0'), ('cfcfa06ea61749c9b4c4dbc507e0e580', 'f6e4dafaa72f4c509636484715f33a96', 'id', '编号', 'varchar2(64)', 'String', 'id', '1', '0', '1', '0', '0', '0', '=', 'input', null, null, '1', '1', '2013-08-12 13:10:05', '1', '2013-08-12 13:10:05', null, '0'), ('9a012c1d2f934dbf996679adb7cc827a', 'f6e4dafaa72f4c509636484715f33a96', 'parent_id', '父级编号', 'varchar2(64)', 'This', 'parent.id|name', '0', '0', '1', '1', '0', '0', '=', 'treeselect', null, null, '2', '1', '2013-08-12 13:10:05', '1', '2013-08-12 13:10:05', null, '0'), ('24bbdc0a555e4412a106ab1c5f03008e', 'f6e4dafaa72f4c509636484715f33a96', 'parent_ids', '所有父级编号', 'varchar2(2000)', 'String', 'parentIds', '0', '0', '1', '1', '0', '0', 'like', 'input', null, null, '3', '1', '2013-08-12 13:10:05', '1', '2013-08-12 13:10:05', null, '0'), ('633f5a49ec974c099158e7b3e6bfa930', 'f6e4dafaa72f4c509636484715f33a96', 'name', '名称', 'nvarchar2(100)', 'String', 'name', '0', '0', '1', '1', '1', '1', 'like', 'input', null, null, '4', '1', '2013-08-12 13:10:05', '1', '2013-08-12 13:10:05', null, '0'), ('6763ff6dc7cd4c668e76cf9b697d3ff6', 'f6e4dafaa72f4c509636484715f33a96', 'sort', '排序', 'number(10)', 'Integer', 'sort', '0', '0', '1', '1', '1', '0', '=', 'input', null, null, '5', '1', '2013-08-12 13:10:05', '1', '2013-08-12 13:10:05', null, '0'), ('195ee9241f954d008fe01625f4adbfef', 'f6e4dafaa72f4c509636484715f33a96', 'create_by', '创建者', 'varchar2(64)', 'com.thinkgem.jeesite.modules.modules.sys.entity.User', 'createBy.id', '0', '0', '1', '0', '0', '0', '=', 'input', null, null, '6', '1', '2013-08-12 13:10:05', '1', '2013-08-12 13:10:05', null, '0'), ('92481c16a0b94b0e8bba16c3c54eb1e4', 'f6e4dafaa72f4c509636484715f33a96', 'create_date', '创建时间', 'timestamp(6)', 'java.util.Date', 'createDate', '0', '0', '1', '0', '0', '0', '=', 'dateselect', null, null, '7', '1', '2013-08-12 13:10:05', '1', '2013-08-12 13:10:05', null, '0'), ('bb1256a8d1b741f6936d8fed06f45eed', 'f6e4dafaa72f4c509636484715f33a96', 'update_by', '更新者', 'varchar2(64)', 'com.thinkgem.jeesite.modules.modules.sys.entity.User', 'updateBy.id', '0', '0', '1', '1', '0', '0', '=', 'input', null, null, '8', '1', '2013-08-12 13:10:05', '1', '2013-08-12 13:10:05', null, '0'), ('416c76d2019b4f76a96d8dc3a8faf84c', 'f6e4dafaa72f4c509636484715f33a96', 'update_date', '更新时间', 'timestamp(6)', 'java.util.Date', 'updateDate', '0', '0', '1', '1', '1', '0', '=', 'dateselect', null, null, '9', '1', '2013-08-12 13:10:05', '1', '2013-08-12 13:10:05', null, '0'), ('f5ed8c82bad0413fbfcccefa95931358', 'f6e4dafaa72f4c509636484715f33a96', 'remarks', '备注信息', 'nvarchar2(255)', 'String', 'remarks', '0', '1', '1', '1', '1', '0', '=', 'textarea', null, null, '10', '1', '2013-08-12 13:10:05', '1', '2013-08-12 13:10:05', null, '0'), ('46e6d8283270493687085d29efdecb05', 'f6e4dafaa72f4c509636484715f33a96', 'del_flag', '删除标记（0：正常；1：删除）', 'char(1)', 'String', 'delFlag', '0', '0', '1', '0', '0', '0', '=', 'radiobox', 'del_flag', null, '11', '1', '2013-08-12 13:10:05', '1', '2013-08-12 13:10:05', null, '0'), ('2004468e0252434c9ba1c8b51e553b05', '99720d2a1485414384a9e62ac10c6155', 'id', '编号', 'varchar(64)', 'String', 'id', '1', '0', '1', '0', '0', '0', '=', 'input', '', null, '10', '1', '2017-07-13 23:22:55', '1', '2017-07-14 11:15:40', null, '1'), ('5e3e297cf9e14dd4bc6394040e07d7b8', '99720d2a1485414384a9e62ac10c6155', 'user_id', '归属用户', 'varchar(64)', 'String', 'user.id|name', '0', '1', '1', '1', '0', '0', '=', 'userselect', '', null, '20', '1', '2017-07-13 23:22:55', '1', '2017-07-14 11:15:40', null, '1'), ('a20838f73d82434dac100bde2accaca8', '99720d2a1485414384a9e62ac10c6155', 'office_id', '归属部门', 'varchar(64)', 'String', 'office.id|name', '0', '1', '1', '1', '0', '0', '=', 'officeselect', '', null, '30', '1', '2017-07-13 23:22:55', '1', '2017-07-14 11:15:40', null, '1'), ('f193d77e063a41d68644f67ab96fe541', '99720d2a1485414384a9e62ac10c6155', 'area_id', '归属区域', 'varchar(64)', 'String', 'area.id|name', '0', '1', '1', '1', '0', '0', '=', 'areaselect', '', null, '40', '1', '2017-07-13 23:22:55', '1', '2017-07-14 11:15:40', null, '1'), ('d304a4f950fb41019e8269f5cd05a797', '99720d2a1485414384a9e62ac10c6155', 'name', '名称', 'varchar(100)', 'String', 'name', '0', '1', '1', '1', '1', '1', 'like', 'input', '', null, '50', '1', '2017-07-13 23:22:55', '1', '2017-07-14 11:15:40', null, '1'), ('e2b405b1f67b41ecaedaa71f70f60620', '99720d2a1485414384a9e62ac10c6155', 'sex', '性别', 'char(1)', 'String', 'sex', '0', '1', '1', '1', '0', '0', '=', 'select', '', null, '60', '1', '2017-07-13 23:22:55', '1', '2017-07-14 11:15:40', null, '1'), ('6578ee67ac5b4930bc8fab02b24fca75', '99720d2a1485414384a9e62ac10c6155', 'in_date', '加入日期', 'date', 'java.util.Date', 'inDate', '0', '1', '1', '1', '0', '0', '=', 'dateselect', '', null, '70', '1', '2017-07-13 23:22:55', '1', '2017-07-14 11:15:40', null, '1'), ('bac30a9f641a475cb67c947b73d221ea', '99720d2a1485414384a9e62ac10c6155', 'create_by', '创建者', 'varchar(64)', 'String', 'createBy.id', '0', '0', '1', '0', '0', '0', '=', 'input', '', null, '80', '1', '2017-07-13 23:22:55', '1', '2017-07-14 11:15:40', null, '1'), ('53e457a8c2fc4087a366859f294efe20', '99720d2a1485414384a9e62ac10c6155', 'create_date', '创建时间', 'datetime', 'java.util.Date', 'createDate', '0', '0', '1', '0', '0', '0', '=', 'treeselect', '', null, '90', '1', '2017-07-13 23:22:55', '1', '2017-07-14 11:15:40', null, '1'), ('f35a5b0d694e4a8e866b6f266668e8d0', '99720d2a1485414384a9e62ac10c6155', 'update_by', '更新者', 'varchar(64)', 'String', 'updateBy.id', '0', '0', '1', '1', '0', '0', '=', 'input', '', null, '100', '1', '2017-07-13 23:22:55', '1', '2017-07-14 11:15:40', null, '1'), ('ebcf1b890acf43c2a4144c4614a8d60c', '99720d2a1485414384a9e62ac10c6155', 'update_date', '更新时间', 'datetime', 'java.util.Date', 'updateDate', '0', '0', '1', '1', '1', '0', '=', 'dateselect', '', null, '110', '1', '2017-07-13 23:22:55', '1', '2017-07-14 11:15:40', null, '1'), ('4320a43d79e845de9a6688f0b16657b4', '99720d2a1485414384a9e62ac10c6155', 'remarks', '备注信息', 'varchar(255)', 'String', 'remarks', '0', '1', '1', '1', '1', '0', '=', 'textarea', '', null, '120', '1', '2017-07-13 23:22:55', '1', '2017-07-14 11:15:40', null, '1'), ('f9c965e8ad084ba1a925961bec28b653', '99720d2a1485414384a9e62ac10c6155', 'del_flag', '删除标记', 'char(1)', 'String', 'delFlag', '0', '0', '1', '0', '0', '0', '=', 'radiobox', 'del_flag', null, '130', '1', '2017-07-13 23:22:55', '1', '2017-07-14 11:15:40', null, '1'), ('539a27e8bef84e0cac60c8eb22d4d65c', 'd85a35f862ca46e6bc238561391901f7', 'id', '编号', 'varchar(64)', 'String', 'id', '1', '0', '1', '0', '1', '0', '=', 'input', '', null, '10', '1', '2017-07-14 11:56:31', '1', '2017-07-14 15:30:44', null, '0'), ('51cd2427d86b4a1399aa2f3ebc34e805', 'd85a35f862ca46e6bc238561391901f7', 'user_id', '归属用户', 'varchar(64)', 'com.fastdev.jeesite.business.sys.entity.User', 'user.id|name', '0', '1', '1', '1', '1', '1', '=', 'userselect', '', null, '20', '1', '2017-07-14 11:56:31', '1', '2017-07-14 15:30:44', null, '0'), ('ab62ccaa925f4fd2a6e2f852244197bf', 'd85a35f862ca46e6bc238561391901f7', 'office_id', '归属部门', 'varchar(64)', 'com.fastdev.jeesite.business.sys.entity.Office', 'office.id|name', '0', '1', '1', '1', '1', '1', '=', 'officeselect', '', null, '30', '1', '2017-07-14 11:56:31', '1', '2017-07-14 15:30:44', null, '0'), ('8c2e36bde3b8428597ee249df22979bc', 'd85a35f862ca46e6bc238561391901f7', 'area_id', '归属区域', 'varchar(64)', 'com.fastdev.jeesite.business.sys.entity.Area', 'area.id|name', '0', '1', '1', '1', '1', '1', '=', 'areaselect', '', null, '40', '1', '2017-07-14 11:56:31', '1', '2017-07-14 15:30:44', null, '0'), ('8408839d25a947958b4cd78bded7c92e', 'd85a35f862ca46e6bc238561391901f7', 'name', '名称', 'varchar(100)', 'String', 'name', '0', '1', '1', '1', '1', '1', 'like', 'input', '', null, '50', '1', '2017-07-14 11:56:31', '1', '2017-07-14 15:30:44', null, '0'), ('d92b3fe51012403ba7e9a68822189f6f', 'd85a35f862ca46e6bc238561391901f7', 'sex', '性别', 'char(1)', 'String', 'sex', '0', '1', '1', '1', '1', '1', '=', 'select', 'sex', null, '60', '1', '2017-07-14 11:56:31', '1', '2017-07-14 15:30:44', null, '0'), ('9cc9271ee1c64958a2c8b06a4fc002a9', 'd85a35f862ca46e6bc238561391901f7', 'in_date', '加入日期', 'date', 'java.util.Date', 'inDate', '0', '1', '1', '1', '1', '1', 'between', 'dateselect', '', null, '70', '1', '2017-07-14 11:56:31', '1', '2017-07-14 15:30:44', null, '0'), ('079d795b371a4258aa7f9bcb596ea49c', 'd85a35f862ca46e6bc238561391901f7', 'create_by', '创建者', 'varchar(64)', 'com.fastdev.jeesite.business.sys.entity.User', 'createBy.id', '0', '0', '1', '0', '0', '0', '=', 'userselect', '', null, '80', '1', '2017-07-14 11:56:31', '1', '2017-07-14 15:30:44', null, '0'), ('ba4acbdc3d6847ef8f9f6e4ba5cc6291', 'd85a35f862ca46e6bc238561391901f7', 'create_date', '创建时间', 'datetime', 'java.util.Date', 'createDate', '0', '0', '1', '0', '0', '0', 'between', 'dateselect', '', null, '90', '1', '2017-07-14 11:56:31', '1', '2017-07-14 15:30:44', null, '0'), ('446919763d994bfd9de5f1fa481d0e98', 'd85a35f862ca46e6bc238561391901f7', 'update_by', '更新者', 'varchar(64)', 'com.fastdev.jeesite.business.sys.entity.User', 'updateBy.id', '0', '0', '1', '0', '0', '0', '=', 'userselect', '', null, '100', '1', '2017-07-14 11:56:31', '1', '2017-07-14 15:30:44', null, '0'), ('3b6e112b547e47a5b76c09b1dc6bf4f6', 'd85a35f862ca46e6bc238561391901f7', 'update_date', '更新时间', 'datetime', 'java.util.Date', 'updateDate', '0', '0', '1', '0', '0', '0', 'between', 'dateselect', '', null, '110', '1', '2017-07-14 11:56:31', '1', '2017-07-14 15:30:44', null, '0'), ('83a6f0785a2d4631a2fda73c3c8fdcf8', 'd85a35f862ca46e6bc238561391901f7', 'remarks', '备注信息', 'varchar(255)', 'String', 'remarks', '0', '1', '1', '1', '1', '0', '=', 'textarea', '', null, '120', '1', '2017-07-14 11:56:31', '1', '2017-07-14 15:30:44', null, '0'), ('15d995cb7b9547d5b6e3bdb95399fd9a', 'd85a35f862ca46e6bc238561391901f7', 'del_flag', '删除标记', 'char(1)', 'String', 'delFlag', '0', '0', '1', '0', '0', '0', '=', 'radiobox', 'del_flag', null, '130', '1', '2017-07-14 11:56:31', '1', '2017-07-14 15:30:44', null, '0');
COMMIT;

-- ----------------------------
--  Table structure for `gen_template`
-- ----------------------------
DROP TABLE IF EXISTS `gen_template`;
CREATE TABLE `gen_template` (
  `id` varchar(64) NOT NULL COMMENT '编号',
  `name` varchar(200) DEFAULT NULL COMMENT '名称',
  `category` varchar(2000) DEFAULT NULL COMMENT '分类',
  `file_path` varchar(500) DEFAULT NULL COMMENT '生成文件路径',
  `file_name` varchar(200) DEFAULT NULL COMMENT '生成文件名',
  `content` text COMMENT '内容',
  `create_by` varchar(64) DEFAULT NULL COMMENT '创建者',
  `create_date` datetime DEFAULT NULL COMMENT '创建时间',
  `update_by` varchar(64) DEFAULT NULL COMMENT '更新者',
  `update_date` datetime DEFAULT NULL COMMENT '更新时间',
  `remarks` varchar(255) DEFAULT NULL COMMENT '备注信息',
  `del_flag` char(1) NOT NULL DEFAULT '0' COMMENT '删除标记（0：正常；1：删除）',
  PRIMARY KEY (`id`),
  KEY `gen_template_del_falg` (`del_flag`)
) ENGINE=MyISAM DEFAULT CHARSET=utf8 COMMENT='代码模板表';

-- ----------------------------
--  Table structure for `sys_area`
-- ----------------------------
DROP TABLE IF EXISTS `sys_area`;
CREATE TABLE `sys_area` (
  `id` varchar(64) COLLATE utf8_bin NOT NULL COMMENT '编号',
  `parent_id` varchar(64) COLLATE utf8_bin NOT NULL COMMENT '父级编号',
  `parent_ids` varchar(2000) COLLATE utf8_bin NOT NULL COMMENT '所有父级编号',
  `name` varchar(100) COLLATE utf8_bin NOT NULL COMMENT '名称',
  `sort` decimal(10,0) NOT NULL COMMENT '排序',
  `code` varchar(100) COLLATE utf8_bin DEFAULT NULL COMMENT '区域编码',
  `type` char(1) COLLATE utf8_bin DEFAULT NULL COMMENT '区域类型',
  `create_by` varchar(64) COLLATE utf8_bin NOT NULL COMMENT '创建者',
  `create_date` datetime NOT NULL COMMENT '创建时间',
  `update_by` varchar(64) COLLATE utf8_bin NOT NULL COMMENT '更新者',
  `update_date` datetime NOT NULL COMMENT '更新时间',
  `remarks` varchar(255) COLLATE utf8_bin DEFAULT NULL COMMENT '备注信息',
  `del_flag` char(1) COLLATE utf8_bin NOT NULL DEFAULT '0' COMMENT '删除标记',
  PRIMARY KEY (`id`),
  KEY `sys_area_parent_id` (`parent_id`),
  KEY `sys_area_del_flag` (`del_flag`)
) ENGINE=InnoDB DEFAULT CHARSET=utf8 COLLATE=utf8_bin COMMENT='区域表';

-- ----------------------------
--  Records of `sys_area`
-- ----------------------------
BEGIN;
INSERT INTO `sys_area` VALUES ('1', '0', '0,', '中国', '10', '100000', '1', '1', '2013-05-27 08:00:00', '1', '2013-05-27 08:00:00', null, '0'), ('efca04e9aa3b4c7f8916af39dea3929e', '1', '0,1,', '北京市', '30', '100000', '2', '1', '2017-07-14 16:46:48', '1', '2017-07-14 16:46:48', '', '0');
COMMIT;

-- ----------------------------
--  Table structure for `sys_dict`
-- ----------------------------
DROP TABLE IF EXISTS `sys_dict`;
CREATE TABLE `sys_dict` (
  `id` varchar(64) COLLATE utf8_bin NOT NULL COMMENT '编号',
  `value` varchar(100) COLLATE utf8_bin NOT NULL COMMENT '数据值',
  `label` varchar(100) COLLATE utf8_bin NOT NULL COMMENT '标签名',
  `type` varchar(100) COLLATE utf8_bin NOT NULL COMMENT '类型',
  `description` varchar(100) COLLATE utf8_bin NOT NULL COMMENT '描述',
  `sort` decimal(10,0) NOT NULL COMMENT '排序（升序）',
  `parent_id` varchar(64) COLLATE utf8_bin DEFAULT '0' COMMENT '父级编号',
  `create_by` varchar(64) COLLATE utf8_bin NOT NULL COMMENT '创建者',
  `create_date` datetime NOT NULL COMMENT '创建时间',
  `update_by` varchar(64) COLLATE utf8_bin NOT NULL COMMENT '更新者',
  `update_date` datetime NOT NULL COMMENT '更新时间',
  `remarks` varchar(255) COLLATE utf8_bin DEFAULT NULL COMMENT '备注信息',
  `del_flag` char(1) COLLATE utf8_bin NOT NULL DEFAULT '0' COMMENT '删除标记',
  PRIMARY KEY (`id`),
  KEY `sys_dict_value` (`value`),
  KEY `sys_dict_label` (`label`),
  KEY `sys_dict_del_flag` (`del_flag`)
) ENGINE=InnoDB DEFAULT CHARSET=utf8 COLLATE=utf8_bin COMMENT='字典表';

-- ----------------------------
--  Records of `sys_dict`
-- ----------------------------
BEGIN;
INSERT INTO `sys_dict` VALUES ('1', '0', '正常', 'del_flag', '删除标记', '10', '0', '1', '2013-05-27 08:00:00', '1', '2013-05-27 08:00:00', null, '0'), ('10', 'yellow', '黄色', 'color', '颜色值', '40', '0', '1', '2013-05-27 08:00:00', '1', '2013-05-27 08:00:00', null, '0'), ('100', 'java.util.Date', 'Date', 'gen_java_type', 'Java类型', '50', '0', '1', '2013-10-28 08:00:00', '1', '2013-10-28 08:00:00', null, '1'), ('101', 'com.fastdev.jeesite.business.sys.entity.User', 'User', 'gen_java_type', 'Java类型', '60', '0', '1', '2013-10-28 08:00:00', '1', '2013-10-28 08:00:00', null, '1'), ('102', 'com.fastdev.jeesite.business.sys.entity.Office', 'Office', 'gen_java_type', 'Java类型', '70', '0', '1', '2013-10-28 08:00:00', '1', '2013-10-28 08:00:00', null, '1'), ('103', 'com.fastdev.jeesite.business.sys.entity.Area', 'Area', 'gen_java_type', 'Java类型', '80', '0', '1', '2013-10-28 08:00:00', '1', '2013-10-28 08:00:00', null, '1'), ('104', 'Custom', 'Custom', 'gen_java_type', 'Java类型', '90', '0', '1', '2013-10-28 08:00:00', '1', '2013-10-28 08:00:00', null, '1'), ('105', '1', '会议通告', 'oa_notify_type', '通知通告类型', '10', '0', '1', '2013-11-08 08:00:00', '1', '2013-11-08 08:00:00', null, '0'), ('106', '2', '奖惩通告', 'oa_notify_type', '通知通告类型', '20', '0', '1', '2013-11-08 08:00:00', '1', '2013-11-08 08:00:00', null, '0'), ('107', '3', '活动通告', 'oa_notify_type', '通知通告类型', '30', '0', '1', '2013-11-08 08:00:00', '1', '2013-11-08 08:00:00', null, '0'), ('108', '0', '草稿', 'oa_notify_status', '通知通告状态', '10', '0', '1', '2013-11-08 08:00:00', '1', '2013-11-08 08:00:00', null, '0'), ('109', '1', '发布', 'oa_notify_status', '通知通告状态', '20', '0', '1', '2013-11-08 08:00:00', '1', '2013-11-08 08:00:00', null, '0'), ('11', 'orange', '橙色', 'color', '颜色值', '50', '0', '1', '2013-05-27 08:00:00', '1', '2013-05-27 08:00:00', null, '0'), ('110', '0', '未读', 'oa_notify_read', '通知通告状态', '10', '0', '1', '2013-11-08 08:00:00', '1', '2013-11-08 08:00:00', null, '0'), ('111', '1', '已读', 'oa_notify_read', '通知通告状态', '20', '0', '1', '2013-11-08 08:00:00', '1', '2013-11-08 08:00:00', null, '0'), ('12', 'default', '默认主题', 'theme', '主题方案', '10', '0', '1', '2013-05-27 08:00:00', '1', '2013-05-27 08:00:00', null, '0'), ('13', 'cerulean', '天蓝主题', 'theme', '主题方案', '20', '0', '1', '2013-05-27 08:00:00', '1', '2013-05-27 08:00:00', null, '0'), ('14', 'readable', '橙色主题', 'theme', '主题方案', '30', '0', '1', '2013-05-27 08:00:00', '1', '2013-05-27 08:00:00', null, '0'), ('15', 'united', '红色主题', 'theme', '主题方案', '40', '0', '1', '2013-05-27 08:00:00', '1', '2013-05-27 08:00:00', null, '0'), ('16', 'flat', 'Flat主题', 'theme', '主题方案', '60', '0', '1', '2013-05-27 08:00:00', '1', '2013-05-27 08:00:00', null, '0'), ('17', '1', '国家', 'sys_area_type', '区域类型', '10', '0', '1', '2013-05-27 08:00:00', '1', '2013-05-27 08:00:00', null, '0'), ('18', '2', '省份、直辖市', 'sys_area_type', '区域类型', '20', '0', '1', '2013-05-27 08:00:00', '1', '2013-05-27 08:00:00', null, '0'), ('19', '3', '地市', 'sys_area_type', '区域类型', '30', '0', '1', '2013-05-27 08:00:00', '1', '2013-05-27 08:00:00', null, '0'), ('2', '1', '删除', 'del_flag', '删除标记', '20', '0', '1', '2013-05-27 08:00:00', '1', '2013-05-27 08:00:00', null, '0'), ('20', '4', '区县', 'sys_area_type', '区域类型', '40', '0', '1', '2013-05-27 08:00:00', '1', '2013-05-27 08:00:00', null, '0'), ('21', '1', '公司', 'sys_office_type', '机构类型', '60', '0', '1', '2013-05-27 08:00:00', '1', '2013-05-27 08:00:00', null, '0'), ('22', '2', '部门', 'sys_office_type', '机构类型', '70', '0', '1', '2013-05-27 08:00:00', '1', '2013-05-27 08:00:00', null, '0'), ('23', '3', '小组', 'sys_office_type', '机构类型', '80', '0', '1', '2013-05-27 08:00:00', '1', '2013-05-27 08:00:00', null, '0'), ('24', '4', '其它', 'sys_office_type', '机构类型', '90', '0', '1', '2013-05-27 08:00:00', '1', '2013-05-27 08:00:00', null, '0'), ('25', '1', '综合部', 'sys_office_common', '快捷通用部门', '30', '0', '1', '2013-05-27 08:00:00', '1', '2013-05-27 08:00:00', null, '0'), ('26', '2', '开发部', 'sys_office_common', '快捷通用部门', '40', '0', '1', '2013-05-27 08:00:00', '1', '2013-05-27 08:00:00', null, '0'), ('27', '3', '人力部', 'sys_office_common', '快捷通用部门', '50', '0', '1', '2013-05-27 08:00:00', '1', '2013-05-27 08:00:00', null, '0'), ('28', '1', '一级', 'sys_office_grade', '机构等级', '10', '0', '1', '2013-05-27 08:00:00', '1', '2013-05-27 08:00:00', null, '0'), ('29', '2', '二级', 'sys_office_grade', '机构等级', '20', '0', '1', '2013-05-27 08:00:00', '1', '2013-05-27 08:00:00', null, '0'), ('3', '1', '显示', 'show_hide', '显示/隐藏', '10', '0', '1', '2013-05-27 08:00:00', '1', '2013-05-27 08:00:00', null, '0'), ('30', '3', '三级', 'sys_office_grade', '机构等级', '30', '0', '1', '2013-05-27 08:00:00', '1', '2013-05-27 08:00:00', null, '0'), ('31', '4', '四级', 'sys_office_grade', '机构等级', '40', '0', '1', '2013-05-27 08:00:00', '1', '2013-05-27 08:00:00', null, '0'), ('32', '1', '所有数据', 'sys_data_scope', '数据范围', '10', '0', '1', '2013-05-27 08:00:00', '1', '2013-05-27 08:00:00', null, '0'), ('33', '2', '所在公司及以下数据', 'sys_data_scope', '数据范围', '20', '0', '1', '2013-05-27 08:00:00', '1', '2013-05-27 08:00:00', null, '0'), ('34', '3', '所在公司数据', 'sys_data_scope', '数据范围', '30', '0', '1', '2013-05-27 08:00:00', '1', '2013-05-27 08:00:00', null, '0'), ('35', '4', '所在部门及以下数据', 'sys_data_scope', '数据范围', '40', '0', '1', '2013-05-27 08:00:00', '1', '2013-05-27 08:00:00', null, '0'), ('36', '5', '所在部门数据', 'sys_data_scope', '数据范围', '50', '0', '1', '2013-05-27 08:00:00', '1', '2013-05-27 08:00:00', null, '0'), ('37', '8', '仅本人数据', 'sys_data_scope', '数据范围', '90', '0', '1', '2013-05-27 08:00:00', '1', '2013-05-27 08:00:00', null, '0'), ('38', '9', '按明细设置', 'sys_data_scope', '数据范围', '100', '0', '1', '2013-05-27 08:00:00', '1', '2013-05-27 08:00:00', null, '0'), ('39', '1', '系统管理', 'sys_user_type', '用户类型', '10', '0', '1', '2013-05-27 08:00:00', '1', '2013-05-27 08:00:00', null, '0'), ('4', '0', '隐藏', 'show_hide', '显示/隐藏', '20', '0', '1', '2013-05-27 08:00:00', '1', '2013-05-27 08:00:00', null, '0'), ('40', '2', '部门经理', 'sys_user_type', '用户类型', '20', '0', '1', '2013-05-27 08:00:00', '1', '2013-05-27 08:00:00', null, '0'), ('41', '3', '普通用户', 'sys_user_type', '用户类型', '30', '0', '1', '2013-05-27 08:00:00', '1', '2013-05-27 08:00:00', null, '0'), ('42', 'basic', '基础主题', 'cms_theme', '站点主题', '10', '0', '1', '2013-05-27 08:00:00', '1', '2013-05-27 08:00:00', null, '0'), ('43', 'blue', '蓝色主题', 'cms_theme', '站点主题', '20', '0', '1', '2013-05-27 08:00:00', '1', '2013-05-27 08:00:00', null, '1'), ('44', 'red', '红色主题', 'cms_theme', '站点主题', '30', '0', '1', '2013-05-27 08:00:00', '1', '2013-05-27 08:00:00', null, '1'), ('45', 'article', '文章模型', 'cms_module', '栏目模型', '10', '0', '1', '2013-05-27 08:00:00', '1', '2013-05-27 08:00:00', null, '0'), ('46', 'picture', '图片模型', 'cms_module', '栏目模型', '20', '0', '1', '2013-05-27 08:00:00', '1', '2013-05-27 08:00:00', null, '1'), ('47', 'download', '下载模型', 'cms_module', '栏目模型', '30', '0', '1', '2013-05-27 08:00:00', '1', '2013-05-27 08:00:00', null, '1'), ('48', 'link', '链接模型', 'cms_module', '栏目模型', '40', '0', '1', '2013-05-27 08:00:00', '1', '2013-05-27 08:00:00', null, '0'), ('49', 'special', '专题模型', 'cms_module', '栏目模型', '50', '0', '1', '2013-05-27 08:00:00', '1', '2013-05-27 08:00:00', null, '1'), ('5', '1', '是', 'yes_no', '是/否', '10', '0', '1', '2013-05-27 08:00:00', '1', '2013-05-27 08:00:00', null, '0'), ('50', '0', '默认展现方式', 'cms_show_modes', '展现方式', '10', '0', '1', '2013-05-27 08:00:00', '1', '2013-05-27 08:00:00', null, '0'), ('51', '1', '首栏目内容列表', 'cms_show_modes', '展现方式', '20', '0', '1', '2013-05-27 08:00:00', '1', '2013-05-27 08:00:00', null, '0'), ('52', '2', '栏目第一条内容', 'cms_show_modes', '展现方式', '30', '0', '1', '2013-05-27 08:00:00', '1', '2013-05-27 08:00:00', null, '0'), ('53', '0', '发布', 'cms_del_flag', '内容状态', '10', '0', '1', '2013-05-27 08:00:00', '1', '2013-05-27 08:00:00', null, '0'), ('54', '1', '删除', 'cms_del_flag', '内容状态', '20', '0', '1', '2013-05-27 08:00:00', '1', '2013-05-27 08:00:00', null, '0'), ('55', '2', '审核', 'cms_del_flag', '内容状态', '15', '0', '1', '2013-05-27 08:00:00', '1', '2013-05-27 08:00:00', null, '0'), ('56', '1', '首页焦点图', 'cms_posid', '推荐位', '10', '0', '1', '2013-05-27 08:00:00', '1', '2013-05-27 08:00:00', null, '0'), ('57', '2', '栏目页文章推荐', 'cms_posid', '推荐位', '20', '0', '1', '2013-05-27 08:00:00', '1', '2013-05-27 08:00:00', null, '0'), ('58', '1', '咨询', 'cms_guestbook', '留言板分类', '10', '0', '1', '2013-05-27 08:00:00', '1', '2013-05-27 08:00:00', null, '0'), ('59', '2', '建议', 'cms_guestbook', '留言板分类', '20', '0', '1', '2013-05-27 08:00:00', '1', '2013-05-27 08:00:00', null, '0'), ('6', '0', '否', 'yes_no', '是/否', '20', '0', '1', '2013-05-27 08:00:00', '1', '2013-05-27 08:00:00', null, '0'), ('60', '3', '投诉', 'cms_guestbook', '留言板分类', '30', '0', '1', '2013-05-27 08:00:00', '1', '2013-05-27 08:00:00', null, '0'), ('61', '4', '其它', 'cms_guestbook', '留言板分类', '40', '0', '1', '2013-05-27 08:00:00', '1', '2013-05-27 08:00:00', null, '0'), ('62', '1', '公休', 'oa_leave_type', '请假类型', '10', '0', '1', '2013-05-27 08:00:00', '1', '2013-05-27 08:00:00', null, '0'), ('63', '2', '病假', 'oa_leave_type', '请假类型', '20', '0', '1', '2013-05-27 08:00:00', '1', '2013-05-27 08:00:00', null, '0'), ('64', '3', '事假', 'oa_leave_type', '请假类型', '30', '0', '1', '2013-05-27 08:00:00', '1', '2013-05-27 08:00:00', null, '0'), ('65', '4', '调休', 'oa_leave_type', '请假类型', '40', '0', '1', '2013-05-27 08:00:00', '1', '2013-05-27 08:00:00', null, '0'), ('66', '5', '婚假', 'oa_leave_type', '请假类型', '60', '0', '1', '2013-05-27 08:00:00', '1', '2013-05-27 08:00:00', null, '0'), ('67', '1', '接入日志', 'sys_log_type', '日志类型', '30', '0', '1', '2013-06-03 08:00:00', '1', '2013-06-03 08:00:00', null, '0'), ('68', '2', '异常日志', 'sys_log_type', '日志类型', '40', '0', '1', '2013-06-03 08:00:00', '1', '2013-06-03 08:00:00', null, '0'), ('69', 'leave', '请假流程', 'act_type', '流程类型', '10', '0', '1', '2013-06-03 08:00:00', '1', '2013-06-03 08:00:00', null, '0'), ('7', 'red', '红色', 'color', '颜色值', '10', '0', '1', '2013-05-27 08:00:00', '1', '2013-05-27 08:00:00', null, '0'), ('70', 'test_audit', '审批测试流程', 'act_type', '流程类型', '20', '0', '1', '2013-06-03 08:00:00', '1', '2013-06-03 08:00:00', null, '0'), ('71', '1', '分类1', 'act_category', '流程分类', '10', '0', '1', '2013-06-03 08:00:00', '1', '2013-06-03 08:00:00', null, '0'), ('72', '2', '分类2', 'act_category', '流程分类', '20', '0', '1', '2013-06-03 08:00:00', '1', '2013-06-03 08:00:00', null, '0'), ('73', 'crud', '增删改查', 'gen_category', '代码生成分类', '10', '0', '1', '2013-10-28 08:00:00', '1', '2013-10-28 08:00:00', null, '1'), ('74', 'crud_many', '增删改查（包含从表）', 'gen_category', '代码生成分类', '20', '0', '1', '2013-10-28 08:00:00', '1', '2013-10-28 08:00:00', null, '1'), ('75', 'tree', '树结构', 'gen_category', '代码生成分类', '30', '0', '1', '2013-10-28 08:00:00', '1', '2013-10-28 08:00:00', null, '1'), ('76', '=', '=', 'gen_query_type', '查询方式', '10', '0', '1', '2013-10-28 08:00:00', '1', '2013-10-28 08:00:00', null, '1'), ('77', '!=', '!=', 'gen_query_type', '查询方式', '20', '0', '1', '2013-10-28 08:00:00', '1', '2013-10-28 08:00:00', null, '1'), ('78', '&gt;', '&gt;', 'gen_query_type', '查询方式', '30', '0', '1', '2013-10-28 08:00:00', '1', '2013-10-28 08:00:00', null, '1'), ('79', '&lt;', '&lt;', 'gen_query_type', '查询方式', '40', '0', '1', '2013-10-28 08:00:00', '1', '2013-10-28 08:00:00', null, '1'), ('7fa4e8e2647d4e95a6d40e9ea4393a5e', '3', '3', 'act_category', '流程分类', '20', '0', '1', '2017-01-10 13:02:16', '1', '2017-01-10 13:02:16', '44', '0'), ('8', 'green', '绿色', 'color', '颜色值', '20', '0', '1', '2013-05-27 08:00:00', '1', '2013-05-27 08:00:00', null, '0'), ('80', 'between', 'Between', 'gen_query_type', '查询方式', '50', '0', '1', '2013-10-28 08:00:00', '1', '2013-10-28 08:00:00', null, '1'), ('81', 'like', 'Like', 'gen_query_type', '查询方式', '60', '0', '1', '2013-10-28 08:00:00', '1', '2013-10-28 08:00:00', null, '1'), ('82', 'left_like', 'Left Like', 'gen_query_type', '查询方式', '70', '0', '1', '2013-10-28 08:00:00', '1', '2013-10-28 08:00:00', null, '1'), ('83', 'right_like', 'Right Like', 'gen_query_type', '查询方式', '80', '0', '1', '2013-10-28 08:00:00', '1', '2013-10-28 08:00:00', null, '1'), ('84', 'input', '文本框', 'gen_show_type', '字段生成方案', '10', '0', '1', '2013-10-28 08:00:00', '1', '2013-10-28 08:00:00', null, '1'), ('85', 'textarea', '文本域', 'gen_show_type', '字段生成方案', '20', '0', '1', '2013-10-28 08:00:00', '1', '2013-10-28 08:00:00', null, '1'), ('86', 'select', '下拉框', 'gen_show_type', '字段生成方案', '30', '0', '1', '2013-10-28 08:00:00', '1', '2013-10-28 08:00:00', null, '1'), ('87', 'checkbox', '复选框', 'gen_show_type', '字段生成方案', '40', '0', '1', '2013-10-28 08:00:00', '1', '2013-10-28 08:00:00', null, '1'), ('88', 'radiobox', '单选框', 'gen_show_type', '字段生成方案', '50', '0', '1', '2013-10-28 08:00:00', '1', '2013-10-28 08:00:00', null, '1'), ('89', 'dateselect', '日期选择', 'gen_show_type', '字段生成方案', '60', '0', '1', '2013-10-28 08:00:00', '1', '2013-10-28 08:00:00', null, '1'), ('9', 'blue', '蓝色', 'color', '颜色值', '30', '0', '1', '2013-05-27 08:00:00', '1', '2013-05-27 08:00:00', null, '0'), ('90', 'userselect', '人员选择', 'gen_show_type', '字段生成方案', '70', '0', '1', '2013-10-28 08:00:00', '1', '2013-10-28 08:00:00', null, '1'), ('91', 'officeselect', '部门选择', 'gen_show_type', '字段生成方案', '80', '0', '1', '2013-10-28 08:00:00', '1', '2013-10-28 08:00:00', null, '1'), ('92', 'areaselect', '区域选择', 'gen_show_type', '字段生成方案', '90', '0', '1', '2013-10-28 08:00:00', '1', '2013-10-28 08:00:00', null, '1'), ('93', 'String', 'String', 'gen_java_type', 'Java类型', '10', '0', '1', '2013-10-28 08:00:00', '1', '2013-10-28 08:00:00', null, '1'), ('94', 'Long', 'Long', 'gen_java_type', 'Java类型', '20', '0', '1', '2013-10-28 08:00:00', '1', '2013-10-28 08:00:00', null, '1'), ('95', 'dao', '仅持久层', 'gen_category', '代码生成分类\0\0', '40', '0', '1', '2013-10-28 08:00:00', '1', '2013-10-28 08:00:00', null, '1'), ('96', '1', '男', 'sex', '性别', '10', '0', '1', '2013-10-28 08:00:00', '1', '2013-10-28 08:00:00', null, '0'), ('97', '2', '女', 'sex', '性别', '20', '0', '1', '2013-10-28 08:00:00', '1', '2013-10-28 08:00:00', null, '0'), ('98', 'Integer', 'Integer', 'gen_java_type', 'Java类型', '30', '0', '1', '2013-10-28 08:00:00', '1', '2013-10-28 08:00:00', null, '1'), ('99', 'Double', 'Double', 'gen_java_type', 'Java类型', '40', '0', '1', '2013-10-28 08:00:00', '1', '2013-10-28 08:00:00', null, '1');
COMMIT;

-- ----------------------------
--  Table structure for `sys_log`
-- ----------------------------
DROP TABLE IF EXISTS `sys_log`;
CREATE TABLE `sys_log` (
  `id` varchar(64) COLLATE utf8_bin NOT NULL COMMENT '编号',
  `type` char(1) COLLATE utf8_bin DEFAULT '1' COMMENT '日志类型',
  `title` varchar(255) COLLATE utf8_bin DEFAULT '' COMMENT '日志标题',
  `create_by` varchar(64) COLLATE utf8_bin DEFAULT NULL COMMENT '创建者',
  `create_date` datetime DEFAULT NULL COMMENT '创建时间',
  `remote_addr` varchar(255) COLLATE utf8_bin DEFAULT NULL COMMENT '操作IP地址',
  `user_agent` varchar(255) COLLATE utf8_bin DEFAULT NULL COMMENT '用户代理',
  `request_uri` varchar(255) COLLATE utf8_bin DEFAULT NULL COMMENT '请求URI',
  `method` varchar(5) COLLATE utf8_bin DEFAULT NULL COMMENT '操作方式',
  `params` text COLLATE utf8_bin COMMENT '操作提交的数据',
  `exception` text COLLATE utf8_bin COMMENT '异常信息',
  PRIMARY KEY (`id`),
  KEY `sys_log_create_by` (`create_by`),
  KEY `sys_log_request_uri` (`request_uri`),
  KEY `sys_log_type` (`type`),
  KEY `sys_log_create_date` (`create_date`)
) ENGINE=InnoDB DEFAULT CHARSET=utf8 COLLATE=utf8_bin COMMENT='日志表';

-- ----------------------------
--  Table structure for `sys_mdict`
-- ----------------------------
DROP TABLE IF EXISTS `sys_mdict`;
CREATE TABLE `sys_mdict` (
  `id` varchar(64) COLLATE utf8_bin NOT NULL COMMENT '编号',
  `parent_id` varchar(64) COLLATE utf8_bin NOT NULL COMMENT '父级编号',
  `parent_ids` varchar(2000) COLLATE utf8_bin NOT NULL COMMENT '所有父级编号',
  `name` varchar(100) COLLATE utf8_bin NOT NULL COMMENT '名称',
  `sort` decimal(10,0) NOT NULL COMMENT '排序',
  `description` varchar(100) COLLATE utf8_bin DEFAULT NULL COMMENT '描述',
  `create_by` varchar(64) COLLATE utf8_bin NOT NULL COMMENT '创建者',
  `create_date` datetime NOT NULL COMMENT '创建时间',
  `update_by` varchar(64) COLLATE utf8_bin NOT NULL COMMENT '更新者',
  `update_date` datetime NOT NULL COMMENT '更新时间',
  `remarks` varchar(255) COLLATE utf8_bin DEFAULT NULL COMMENT '备注信息',
  `del_flag` char(1) COLLATE utf8_bin NOT NULL DEFAULT '0' COMMENT '删除标记',
  PRIMARY KEY (`id`),
  KEY `sys_mdict_parent_id` (`parent_id`),
  KEY `sys_mdict_del_flag` (`del_flag`)
) ENGINE=InnoDB DEFAULT CHARSET=utf8 COLLATE=utf8_bin COMMENT='多级字典表';

-- ----------------------------
--  Table structure for `sys_menu`
-- ----------------------------
DROP TABLE IF EXISTS `sys_menu`;
CREATE TABLE `sys_menu` (
  `id` varchar(64) COLLATE utf8_bin NOT NULL COMMENT '编号',
  `parent_id` varchar(64) COLLATE utf8_bin NOT NULL COMMENT '父级编号',
  `parent_ids` varchar(2000) COLLATE utf8_bin NOT NULL COMMENT '所有父级编号',
  `name` varchar(100) COLLATE utf8_bin NOT NULL COMMENT '名称',
  `sort` decimal(10,0) NOT NULL COMMENT '排序',
  `href` varchar(2000) COLLATE utf8_bin DEFAULT NULL COMMENT '链接',
  `target` varchar(20) COLLATE utf8_bin DEFAULT NULL COMMENT '目标',
  `icon` varchar(100) COLLATE utf8_bin DEFAULT NULL COMMENT '图标',
  `is_show` char(1) COLLATE utf8_bin NOT NULL COMMENT '是否在菜单中显示',
  `permission` varchar(200) COLLATE utf8_bin DEFAULT NULL COMMENT '权限标识',
  `create_by` varchar(64) COLLATE utf8_bin NOT NULL COMMENT '创建者',
  `create_date` datetime NOT NULL COMMENT '创建时间',
  `update_by` varchar(64) COLLATE utf8_bin NOT NULL COMMENT '更新者',
  `update_date` datetime NOT NULL COMMENT '更新时间',
  `remarks` varchar(255) COLLATE utf8_bin DEFAULT NULL COMMENT '备注信息',
  `del_flag` char(1) COLLATE utf8_bin NOT NULL DEFAULT '0' COMMENT '删除标记',
  PRIMARY KEY (`id`),
  KEY `sys_menu_parent_id` (`parent_id`),
  KEY `sys_menu_del_flag` (`del_flag`)
) ENGINE=InnoDB DEFAULT CHARSET=utf8 COLLATE=utf8_bin COMMENT='菜单表';

-- ----------------------------
--  Records of `sys_menu`
-- ----------------------------
BEGIN;
INSERT INTO `sys_menu` VALUES ('0b2ebd4d639e4c2b83c2dd0764522f24', 'ba8092291b40482db8fe7fc006ea3d76', '0,1,79,3c92c17886944d0687e73e286cada573,ba8092291b40482db8fe7fc006ea3d76,', '编辑', '60', '', '', '', '0', 'test:testData:edit', '1', '2013-08-12 13:10:05', '1', '2013-08-12 13:10:05', '', '1'), ('0ca004d6b1bf4bcab9670a5060d82a55', '3c92c17886944d0687e73e286cada573', '0,1,79,3c92c17886944d0687e73e286cada573,', '树结构', '90', '/test/testTree', '', '', '1', '', '1', '2013-08-12 13:10:05', '1', '2013-08-12 13:10:05', '', '1'), ('1', '0', '0,', '功能菜单', '0', null, null, null, '1', null, '1', '2013-05-27 08:00:00', '1', '2013-05-27 08:00:00', null, '0'), ('10', '3', '0,1,2,3,', '字典管理', '60', '/sys/dict/', null, 'th-list', '1', null, '1', '2013-05-27 08:00:00', '1', '2013-05-27 08:00:00', null, '0'), ('11', '10', '0,1,2,3,10,', '查看', '30', null, null, null, '0', 'sys:dict:view', '1', '2013-05-27 08:00:00', '1', '2013-05-27 08:00:00', null, '0'), ('12', '10', '0,1,2,3,10,', '修改', '40', null, null, null, '0', 'sys:dict:edit', '1', '2013-05-27 08:00:00', '1', '2013-05-27 08:00:00', null, '0'), ('13', '2', '0,1,2,', '机构用户', '970', null, null, null, '1', null, '1', '2013-05-27 08:00:00', '1', '2013-05-27 08:00:00', null, '0'), ('14', '13', '0,1,2,13,', '区域管理', '50', '/sys/area/', null, 'th', '1', null, '1', '2013-05-27 08:00:00', '1', '2013-05-27 08:00:00', null, '0'), ('15', '14', '0,1,2,13,14,', '查看', '30', null, null, null, '0', 'sys:area:view', '1', '2013-05-27 08:00:00', '1', '2013-05-27 08:00:00', null, '0'), ('16', '14', '0,1,2,13,14,', '修改', '40', null, null, null, '0', 'sys:area:edit', '1', '2013-05-27 08:00:00', '1', '2013-05-27 08:00:00', null, '0'), ('17', '13', '0,1,2,13,', '机构管理', '40', '/sys/office/', null, 'th-large', '1', null, '1', '2013-05-27 08:00:00', '1', '2013-05-27 08:00:00', null, '0'), ('18', '17', '0,1,2,13,17,', '查看', '30', null, null, null, '0', 'sys:office:view', '1', '2013-05-27 08:00:00', '1', '2013-05-27 08:00:00', null, '0'), ('19', '17', '0,1,2,13,17,', '修改', '40', null, null, null, '0', 'sys:office:edit', '1', '2013-05-27 08:00:00', '1', '2013-05-27 08:00:00', null, '0'), ('2', '1', '0,1,', '系统设置', '900', null, null, null, '1', null, '1', '2013-05-27 08:00:00', '1', '2013-05-27 08:00:00', null, '0'), ('20', '13', '0,1,2,13,', '用户管理', '30', '/sys/user/index', null, 'user', '1', null, '1', '2013-05-27 08:00:00', '1', '2013-05-27 08:00:00', null, '0'), ('21', '20', '0,1,2,13,20,', '查看', '30', null, null, null, '0', 'sys:user:view', '1', '2013-05-27 08:00:00', '1', '2013-05-27 08:00:00', null, '0'), ('22', '20', '0,1,2,13,20,', '修改', '40', null, null, null, '0', 'sys:user:edit', '1', '2013-05-27 08:00:00', '1', '2013-05-27 08:00:00', null, '0'), ('23', '2', '0,1,2,', '关于帮助', '990', null, null, null, '0', null, '1', '2013-05-27 08:00:00', '1', '2013-05-27 08:00:00', null, '1'), ('24', '23', '0,1,2,23', '官方首页', '30', 'http://jeesite.com', '_blank', null, '0', null, '1', '2013-05-27 08:00:00', '1', '2013-05-27 08:00:00', null, '0'), ('25', '23', '0,1,2,23', '项目支持', '50', 'http://jeesite.com/donation.html', '_blank', null, '0', null, '1', '2013-05-27 08:00:00', '1', '2013-05-27 08:00:00', null, '1'), ('26', '23', '0,1,2,23', '论坛交流', '80', 'http://bbs.jeesite.com', '_blank', null, '0', null, '1', '2013-05-27 08:00:00', '1', '2013-05-27 08:00:00', null, '1'), ('27', '1', '0,1,', '我的面板', '100', null, null, null, '1', null, '1', '2013-05-27 08:00:00', '1', '2013-05-27 08:00:00', null, '0'), ('28', '27', '0,1,27,', '个人信息', '30', null, null, null, '1', null, '1', '2013-05-27 08:00:00', '1', '2013-05-27 08:00:00', null, '0'), ('29', '28', '0,1,27,28,', '个人信息', '30', '/sys/user/info', null, 'user', '1', null, '1', '2013-05-27 08:00:00', '1', '2013-05-27 08:00:00', null, '0'), ('3', '2', '0,1,2,', '系统设置', '980', null, null, null, '1', null, '1', '2013-05-27 08:00:00', '1', '2013-05-27 08:00:00', null, '0'), ('30', '28', '0,1,27,28,', '修改密码', '40', '/sys/user/modifyPwd', null, 'lock', '1', null, '1', '2013-05-27 08:00:00', '1', '2013-05-27 08:00:00', null, '0'), ('31', '1', '0,1,', '内容管理', '500', '', '', '', '0', '', '1', '2013-05-27 08:00:00', '1', '2017-01-10 11:13:43', '', '1'), ('32', '31', '0,1,31,', '栏目设置', '990', null, null, null, '1', null, '1', '2013-05-27 08:00:00', '1', '2013-05-27 08:00:00', null, '1'), ('33', '32', '0,1,31,32', '栏目管理', '30', '/cms/category/', null, 'align-justify', '1', null, '1', '2013-05-27 08:00:00', '1', '2013-05-27 08:00:00', null, '1'), ('34', '33', '0,1,31,32,33,', '查看', '30', null, null, null, '0', 'cms:category:view', '1', '2013-05-27 08:00:00', '1', '2013-05-27 08:00:00', null, '1'), ('35', '33', '0,1,31,32,33,', '修改', '40', null, null, null, '0', 'cms:category:edit', '1', '2013-05-27 08:00:00', '1', '2013-05-27 08:00:00', null, '1'), ('36', '32', '0,1,31,32', '站点设置', '40', '/cms/site/', null, 'certificate', '1', null, '1', '2013-05-27 08:00:00', '1', '2013-05-27 08:00:00', null, '1'), ('37', '36', '0,1,31,32,36,', '查看', '30', null, null, null, '0', 'cms:site:view', '1', '2013-05-27 08:00:00', '1', '2013-05-27 08:00:00', null, '1'), ('38', '36', '0,1,31,32,36,', '修改', '40', null, null, null, '0', 'cms:site:edit', '1', '2013-05-27 08:00:00', '1', '2013-05-27 08:00:00', null, '1'), ('3851e79fd13348cf94c65e07d5130196', '92aef5f4045d4c31885ce8e108676cf0', '0,1,92aef5f4045d4c31885ce8e108676cf0,', '测试表', '30', '', '', '', '1', '', '1', '2017-07-13 15:39:28', '1', '2017-07-14 11:51:17', '', '0'), ('39', '32', '0,1,31,32', '切换站点', '50', '/cms/site/select', null, 'retweet', '1', 'cms:site:select', '1', '2013-05-27 08:00:00', '1', '2013-05-27 08:00:00', null, '1'), ('3c92c17886944d0687e73e286cada573', '79', '0,1,79,', '生成示例', '120', '', '', '', '1', '', '1', '2013-08-12 13:10:05', '1', '2013-08-12 13:10:05', '', '1'), ('4', '3', '0,1,2,3,', '菜单管理', '30', '/sys/menu/', null, 'list-alt', '1', null, '1', '2013-05-27 08:00:00', '1', '2013-05-27 08:00:00', null, '0'), ('40', '31', '0,1,31,', '内容管理', '500', null, null, null, '1', 'cms:view', '1', '2013-05-27 08:00:00', '1', '2013-05-27 08:00:00', null, '1'), ('41', '40', '0,1,31,40,', '内容发布', '30', '/cms/', null, 'briefcase', '1', null, '1', '2013-05-27 08:00:00', '1', '2013-05-27 08:00:00', null, '1'), ('42', '41', '0,1,31,40,41,', '文章模型', '40', '/cms/article/', null, 'file', '0', null, '1', '2013-05-27 08:00:00', '1', '2013-05-27 08:00:00', null, '1'), ('43', '42', '0,1,31,40,41,42,', '查看', '30', null, null, null, '0', 'cms:article:view', '1', '2013-05-27 08:00:00', '1', '2013-05-27 08:00:00', null, '1'), ('44', '42', '0,1,31,40,41,42,', '修改', '40', null, null, null, '0', 'cms:article:edit', '1', '2013-05-27 08:00:00', '1', '2013-05-27 08:00:00', null, '1'), ('45', '42', '0,1,31,40,41,42,', '审核', '50', null, null, null, '0', 'cms:article:audit', '1', '2013-05-27 08:00:00', '1', '2013-05-27 08:00:00', null, '1'), ('46', '41', '0,1,31,40,41,', '链接模型', '60', '/cms/link/', null, 'random', '0', null, '1', '2013-05-27 08:00:00', '1', '2013-05-27 08:00:00', null, '1'), ('47', '46', '0,1,31,40,41,46,', '查看', '30', null, null, null, '0', 'cms:link:view', '1', '2013-05-27 08:00:00', '1', '2013-05-27 08:00:00', null, '1'), ('48', '46', '0,1,31,40,41,46,', '修改', '40', null, null, null, '0', 'cms:link:edit', '1', '2013-05-27 08:00:00', '1', '2013-05-27 08:00:00', null, '1'), ('4855cf3b25c244fb8500a380db189d97', 'b1f6d1b86ba24365bae7fd86c5082317', '0,1,79,3c92c17886944d0687e73e286cada573,b1f6d1b86ba24365bae7fd86c5082317,', '查看', '30', '', '', '', '0', 'test:testDataMain:view', '1', '2013-08-12 13:10:05', '1', '2013-08-12 13:10:05', '', '1'), ('49', '46', '0,1,31,40,41,46,', '审核', '50', null, null, null, '0', 'cms:link:audit', '1', '2013-05-27 08:00:00', '1', '2013-05-27 08:00:00', null, '1'), ('5', '4', '0,1,2,3,4,', '查看', '30', null, null, null, '0', 'sys:menu:view', '1', '2013-05-27 08:00:00', '1', '2013-05-27 08:00:00', null, '0'), ('50', '40', '0,1,31,40,', '评论管理', '40', '/cms/comment/?status=2', null, 'comment', '1', null, '1', '2013-05-27 08:00:00', '1', '2013-05-27 08:00:00', null, '1'), ('51', '50', '0,1,31,40,50,', '查看', '30', null, null, null, '0', 'cms:comment:view', '1', '2013-05-27 08:00:00', '1', '2013-05-27 08:00:00', null, '1'), ('52', '50', '0,1,31,40,50,', '审核', '40', null, null, null, '0', 'cms:comment:edit', '1', '2013-05-27 08:00:00', '1', '2013-05-27 08:00:00', null, '1'), ('53', '40', '0,1,31,40,', '公共留言', '80', '/cms/guestbook/?status=2', null, 'glass', '1', null, '1', '2013-05-27 08:00:00', '1', '2013-05-27 08:00:00', null, '1'), ('54', '53', '0,1,31,40,53,', '查看', '30', null, null, null, '0', 'cms:guestbook:view', '1', '2013-05-27 08:00:00', '1', '2013-05-27 08:00:00', null, '1'), ('55', '53', '0,1,31,40,53,', '审核', '40', null, null, null, '0', 'cms:guestbook:edit', '1', '2013-05-27 08:00:00', '1', '2013-05-27 08:00:00', null, '1'), ('56', '71', '0,1,27,71,', '文件管理', '90', '/../static/ckfinder/ckfinder.html', null, 'folder-open', '1', null, '1', '2013-05-27 08:00:00', '1', '2013-05-27 08:00:00', null, '0'), ('57', '56', '0,1,27,40,56,', '查看', '30', null, null, null, '0', 'cms:ckfinder:view', '1', '2013-05-27 08:00:00', '1', '2013-05-27 08:00:00', null, '0'), ('58', '56', '0,1,27,40,56,', '上传', '40', null, null, null, '0', 'cms:ckfinder:upload', '1', '2013-05-27 08:00:00', '1', '2013-05-27 08:00:00', null, '0'), ('59', '56', '0,1,27,40,56,', '修改', '50', null, null, null, '0', 'cms:ckfinder:edit', '1', '2013-05-27 08:00:00', '1', '2013-05-27 08:00:00', null, '0'), ('6', '4', '0,1,2,3,4,', '修改', '40', null, null, null, '0', 'sys:menu:edit', '1', '2013-05-27 08:00:00', '1', '2013-05-27 08:00:00', null, '0'), ('60', '31', '0,1,31,', '统计分析', '600', null, null, null, '1', null, '1', '2013-05-27 08:00:00', '1', '2013-05-27 08:00:00', null, '1'), ('61', '60', '0,1,31,60,', '信息量统计', '30', '/cms/stats/article', null, 'tasks', '1', 'cms:stats:article', '1', '2013-05-27 08:00:00', '1', '2013-05-27 08:00:00', null, '1'), ('62', '1', '0,1,', '在线办公', '200', '', '', '', '0', '', '1', '2013-05-27 08:00:00', '1', '2017-01-10 11:12:40', '', '1'), ('63', '62', '0,1,62,', '个人办公', '30', null, null, null, '1', null, '1', '2013-05-27 08:00:00', '1', '2013-05-27 08:00:00', null, '1'), ('64', '63', '0,1,62,63,', '请假办理', '300', '/oa/leave', null, 'leaf', '0', null, '1', '2013-05-27 08:00:00', '1', '2013-05-27 08:00:00', null, '1'), ('65', '64', '0,1,62,63,64,', '查看', '30', null, null, null, '0', 'oa:leave:view', '1', '2013-05-27 08:00:00', '1', '2013-05-27 08:00:00', null, '1'), ('66', '64', '0,1,62,63,64,', '修改', '40', null, null, null, '0', 'oa:leave:edit', '1', '2013-05-27 08:00:00', '1', '2013-05-27 08:00:00', null, '1'), ('67', '2', '0,1,2,', '日志查询', '985', null, null, null, '1', null, '1', '2013-06-03 08:00:00', '1', '2013-06-03 08:00:00', null, '0'), ('68', '67', '0,1,2,67,', '日志查询', '30', '/sys/log', null, 'pencil', '1', 'sys:log:view', '1', '2013-06-03 08:00:00', '1', '2013-06-03 08:00:00', null, '0'), ('69', '62', '0,1,62,', '流程管理', '300', null, null, null, '1', null, '1', '2013-05-27 08:00:00', '1', '2013-05-27 08:00:00', null, '1'), ('7', '3', '0,1,2,3,', '角色管理', '50', '/sys/role/', null, 'lock', '1', null, '1', '2013-05-27 08:00:00', '1', '2013-05-27 08:00:00', null, '0'), ('70', '69', '0,1,62,69,', '流程管理', '50', '/act/process', null, 'road', '1', 'act:process:edit', '1', '2013-05-27 08:00:00', '1', '2013-05-27 08:00:00', null, '1'), ('71', '27', '0,1,27,', '文件管理', '90', null, null, null, '1', null, '1', '2013-05-27 08:00:00', '1', '2013-05-27 08:00:00', null, '0'), ('72', '69', '0,1,62,69,', '模型管理', '100', '/act/model', null, 'road', '1', 'act:model:edit', '1', '2013-09-20 08:00:00', '1', '2013-09-20 08:00:00', null, '1'), ('73', '63', '0,1,62,63,', '我的任务', '50', '/act/task/todo/', null, 'tasks', '1', null, '1', '2013-09-24 08:00:00', '1', '2013-09-24 08:00:00', null, '1'), ('74', '63', '0,1,62,63,', '审批测试', '100', '/oa/testAudit', null, null, '1', 'oa:testAudit:view,oa:testAudit:edit', '1', '2013-09-24 08:00:00', '1', '2013-09-24 08:00:00', null, '1'), ('75', '1', '0,1,', '在线演示', '3000', null, null, null, '0', null, '1', '2013-10-08 08:00:00', '1', '2013-10-08 08:00:00', null, '1'), ('79', '1', '0,1,', '代码生成', '5000', '', '', '', '1', '', '1', '2013-10-16 08:00:00', '1', '2017-01-10 11:13:19', '', '0'), ('8', '7', '0,1,2,3,7,', '查看', '30', null, null, null, '0', 'sys:role:view', '1', '2013-05-27 08:00:00', '1', '2013-05-27 08:00:00', null, '0'), ('80', '79', '0,1,79,', '代码生成', '50', null, null, null, '1', null, '1', '2013-10-16 08:00:00', '1', '2013-10-16 08:00:00', null, '0'), ('81', '80', '0,1,79,80,', '生成方案配置', '30', '/gen/genScheme', null, null, '1', 'gen:genScheme:view,gen:genScheme:edit', '1', '2013-10-16 08:00:00', '1', '2013-10-16 08:00:00', null, '0'), ('82', '80', '0,1,79,80,', '业务表配置', '20', '/gen/genTable', null, null, '1', 'gen:genTable:view,gen:genTable:edit,gen:genTableColumn:view,gen:genTableColumn:edit', '1', '2013-10-16 08:00:00', '1', '2013-10-16 08:00:00', null, '0'), ('83', '80', '0,1,79,80,', '代码模板管理', '90', '/gen/genTemplate', null, null, '1', 'gen:genTemplate:view,gen:genTemplate:edit', '1', '2013-10-16 08:00:00', '1', '2013-10-16 08:00:00', null, '0'), ('84', '67', '0,1,2,67,', '连接池监视', '40', '/../druid', '', '', '1', '', '1', '2013-10-18 08:00:00', '1', '2017-01-10 12:03:48', '', '1'), ('85', '76', '0,1,75,76,', '行政区域', '80', '/../static/map/map-city.html', null, null, '1', null, '1', '2013-10-22 08:00:00', '1', '2013-10-22 08:00:00', null, '0'), ('86', '75', '0,1,75,', '组件演示', '50', null, null, null, '1', null, '1', '2013-10-22 08:00:00', '1', '2013-10-22 08:00:00', null, '1'), ('87', '86', '0,1,75,86,', '组件演示', '30', '/test/test/form', null, null, '1', 'test:test:view,test:test:edit', '1', '2013-10-22 08:00:00', '1', '2013-10-22 08:00:00', null, '1'), ('88', '62', '0,1,62,', '通知通告', '20', '', '', '', '1', '', '1', '2013-11-08 08:00:00', '1', '2013-11-08 08:00:00', null, '1'), ('89', '88', '0,1,62,88,', '我的通告', '30', '/oa/oaNotify/self', '', '', '1', '', '1', '2013-11-08 08:00:00', '1', '2013-11-08 08:00:00', null, '1'), ('9', '7', '0,1,2,3,7,', '修改', '40', null, null, null, '0', 'sys:role:edit', '1', '2013-05-27 08:00:00', '1', '2013-05-27 08:00:00', null, '0'), ('90', '88', '0,1,62,88,', '通告管理', '50', '/oa/oaNotify', '', '', '1', 'oa:oaNotify:view,oa:oaNotify:edit', '1', '2013-11-08 08:00:00', '1', '2013-11-08 08:00:00', null, '1'), ('92aef5f4045d4c31885ce8e108676cf0', '1', '0,1,', '代码生成测试', '5001', '', '', '', '1', '', '1', '2017-07-13 15:38:56', '1', '2017-07-14 11:50:58', '', '0'), ('afab2db430e2457f9cf3a11feaa8b869', '0ca004d6b1bf4bcab9670a5060d82a55', '0,1,79,3c92c17886944d0687e73e286cada573,0ca004d6b1bf4bcab9670a5060d82a55,', '编辑', '60', '', '', '', '0', 'test:testTree:edit', '1', '2013-08-12 13:10:05', '1', '2013-08-12 13:10:05', '', '1'), ('b1f6d1b86ba24365bae7fd86c5082317', '3c92c17886944d0687e73e286cada573', '0,1,79,3c92c17886944d0687e73e286cada573,', '主子表', '60', '/test/testDataMain', '', '', '1', '', '1', '2013-08-12 13:10:05', '1', '2013-08-12 13:10:05', '', '1'), ('b7fa3822c39946d7becc4faff78dcd9e', '3851e79fd13348cf94c65e07d5130196', '0,1,92aef5f4045d4c31885ce8e108676cf0,3851e79fd13348cf94c65e07d5130196,', 'testDataZgf', '30', '/testdatazgf/testDataZgf', '', '', '1', '', '1', '2017-07-13 15:40:42', '1', '2017-07-14 14:45:54', '', '0'), ('ba8092291b40482db8fe7fc006ea3d76', '3c92c17886944d0687e73e286cada573', '0,1,79,3c92c17886944d0687e73e286cada573,', '单表', '30', '/test/testData', '', '', '1', '', '1', '2013-08-12 13:10:05', '1', '2013-08-12 13:10:05', '', '1'), ('bd110d99bafb48e3a209f4933d66e218', 'b7fa3822c39946d7becc4faff78dcd9e', '0,1,92aef5f4045d4c31885ce8e108676cf0,3851e79fd13348cf94c65e07d5130196,b7fa3822c39946d7becc4faff78dcd9e,', '修改', '60', '', '', '', '0', 'testdatazgf:testDataZgf:edit', '1', '2017-07-13 15:41:51', '1', '2017-07-14 14:46:22', '', '0'), ('c2e4d9082a0b4386884a0b203afe2c5c', '0ca004d6b1bf4bcab9670a5060d82a55', '0,1,79,3c92c17886944d0687e73e286cada573,0ca004d6b1bf4bcab9670a5060d82a55,', '查看', '30', '', '', '', '0', 'test:testTree:view', '1', '2013-08-12 13:10:05', '1', '2013-08-12 13:10:05', '', '1'), ('d15ec45a4c5449c3bbd7a61d5f9dd1d2', 'b1f6d1b86ba24365bae7fd86c5082317', '0,1,79,3c92c17886944d0687e73e286cada573,b1f6d1b86ba24365bae7fd86c5082317,', '编辑', '60', '', '', '', '0', 'test:testDataMain:edit', '1', '2013-08-12 13:10:05', '1', '2013-08-12 13:10:05', '', '1'), ('dd95dcb8394c461c95ee9d66eb9da74d', 'b7fa3822c39946d7becc4faff78dcd9e', '0,1,92aef5f4045d4c31885ce8e108676cf0,3851e79fd13348cf94c65e07d5130196,b7fa3822c39946d7becc4faff78dcd9e,', '查看', '30', '', '', '', '0', 'testdatazgf:testDataZgf:view', '1', '2017-07-13 15:41:23', '1', '2017-07-14 14:46:13', '', '0'), ('df7ce823c5b24ff9bada43d992f373e2', 'ba8092291b40482db8fe7fc006ea3d76', '0,1,79,3c92c17886944d0687e73e286cada573,ba8092291b40482db8fe7fc006ea3d76,', '查看', '30', '', '', '', '0', 'test:testData:view', '1', '2013-08-12 13:10:05', '1', '2013-08-12 13:10:05', '', '1');
COMMIT;

-- ----------------------------
--  Table structure for `sys_office`
-- ----------------------------
DROP TABLE IF EXISTS `sys_office`;
CREATE TABLE `sys_office` (
  `id` varchar(64) COLLATE utf8_bin NOT NULL COMMENT '编号',
  `parent_id` varchar(64) COLLATE utf8_bin NOT NULL COMMENT '父级编号',
  `parent_ids` varchar(2000) COLLATE utf8_bin NOT NULL COMMENT '所有父级编号',
  `name` varchar(100) COLLATE utf8_bin NOT NULL COMMENT '名称',
  `sort` decimal(10,0) NOT NULL COMMENT '排序',
  `area_id` varchar(64) COLLATE utf8_bin NOT NULL COMMENT '归属区域',
  `code` varchar(100) COLLATE utf8_bin DEFAULT NULL COMMENT '区域编码',
  `type` char(1) COLLATE utf8_bin NOT NULL COMMENT '机构类型',
  `grade` char(1) COLLATE utf8_bin NOT NULL COMMENT '机构等级',
  `address` varchar(255) COLLATE utf8_bin DEFAULT NULL COMMENT '联系地址',
  `zip_code` varchar(100) COLLATE utf8_bin DEFAULT NULL COMMENT '邮政编码',
  `master` varchar(100) COLLATE utf8_bin DEFAULT NULL COMMENT '负责人',
  `phone` varchar(200) COLLATE utf8_bin DEFAULT NULL COMMENT '电话',
  `fax` varchar(200) COLLATE utf8_bin DEFAULT NULL COMMENT '传真',
  `email` varchar(200) COLLATE utf8_bin DEFAULT NULL COMMENT '邮箱',
  `USEABLE` varchar(64) COLLATE utf8_bin DEFAULT NULL COMMENT '是否启用',
  `PRIMARY_PERSON` varchar(64) COLLATE utf8_bin DEFAULT NULL COMMENT '主负责人',
  `DEPUTY_PERSON` varchar(64) COLLATE utf8_bin DEFAULT NULL COMMENT '副负责人',
  `create_by` varchar(64) COLLATE utf8_bin NOT NULL COMMENT '创建者',
  `create_date` datetime NOT NULL COMMENT '创建时间',
  `update_by` varchar(64) COLLATE utf8_bin NOT NULL COMMENT '更新者',
  `update_date` datetime NOT NULL COMMENT '更新时间',
  `remarks` varchar(255) COLLATE utf8_bin DEFAULT NULL COMMENT '备注信息',
  `del_flag` char(1) COLLATE utf8_bin NOT NULL DEFAULT '0' COMMENT '删除标记',
  PRIMARY KEY (`id`),
  KEY `sys_office_parent_id` (`parent_id`),
  KEY `sys_office_del_flag` (`del_flag`),
  KEY `sys_office_type` (`type`)
) ENGINE=InnoDB DEFAULT CHARSET=utf8 COLLATE=utf8_bin COMMENT='机构表';

-- ----------------------------
--  Records of `sys_office`
-- ----------------------------
BEGIN;
INSERT INTO `sys_office` VALUES ('1cdd7ed4585241da9eab30fbcc4cbc8c', '0', '0,', 'xx公司', '30', 'efca04e9aa3b4c7f8916af39dea3929e', '', '1', '1', '', '', '', '', '', '', '1', '', '', '1', '2017-07-14 16:49:17', '1', '2017-07-14 16:49:17', '', '0'), ('23e27e9fa6324fc8be3c0f7f2e4e4797', '1cdd7ed4585241da9eab30fbcc4cbc8c', '0,1cdd7ed4585241da9eab30fbcc4cbc8c,', '系统管理部', '30', 'efca04e9aa3b4c7f8916af39dea3929e', '', '2', '2', '', '', '', '', '', '', '1', '', '', '1', '2017-07-14 16:48:35', '1', '2017-07-14 16:49:37', '', '0');
COMMIT;

-- ----------------------------
--  Table structure for `sys_role`
-- ----------------------------
DROP TABLE IF EXISTS `sys_role`;
CREATE TABLE `sys_role` (
  `id` varchar(64) COLLATE utf8_bin NOT NULL COMMENT '编号',
  `office_id` varchar(64) COLLATE utf8_bin DEFAULT NULL COMMENT '归属机构',
  `name` varchar(100) COLLATE utf8_bin NOT NULL COMMENT '角色名称',
  `enname` varchar(255) COLLATE utf8_bin DEFAULT NULL COMMENT '英文名称',
  `role_type` varchar(255) COLLATE utf8_bin DEFAULT NULL COMMENT '角色类型',
  `data_scope` char(1) COLLATE utf8_bin DEFAULT NULL COMMENT '数据范围',
  `is_sys` varchar(64) COLLATE utf8_bin DEFAULT NULL COMMENT '是否系统数据',
  `useable` varchar(64) COLLATE utf8_bin DEFAULT NULL COMMENT '是否可用',
  `create_by` varchar(64) COLLATE utf8_bin NOT NULL COMMENT '创建者',
  `create_date` datetime NOT NULL COMMENT '创建时间',
  `update_by` varchar(64) COLLATE utf8_bin NOT NULL COMMENT '更新者',
  `update_date` datetime NOT NULL COMMENT '更新时间',
  `remarks` varchar(255) COLLATE utf8_bin DEFAULT NULL COMMENT '备注信息',
  `del_flag` char(1) COLLATE utf8_bin NOT NULL DEFAULT '0' COMMENT '删除标记',
  PRIMARY KEY (`id`),
  KEY `sys_role_del_flag` (`del_flag`),
  KEY `sys_role_enname` (`enname`)
) ENGINE=InnoDB DEFAULT CHARSET=utf8 COLLATE=utf8_bin COMMENT='角色表';

-- ----------------------------
--  Records of `sys_role`
-- ----------------------------
BEGIN;
INSERT INTO `sys_role` VALUES ('1', '23e27e9fa6324fc8be3c0f7f2e4e4797', '系统管理员', 'sysAdmin', 'assignment', '1', '1', '1', '1', '2013-05-27 08:00:00', '1', '2017-07-14 14:47:10', '', '0');
COMMIT;

-- ----------------------------
--  Table structure for `sys_role_menu`
-- ----------------------------
DROP TABLE IF EXISTS `sys_role_menu`;
CREATE TABLE `sys_role_menu` (
  `role_id` varchar(64) COLLATE utf8_bin NOT NULL COMMENT '角色编号',
  `menu_id` varchar(64) COLLATE utf8_bin NOT NULL COMMENT '菜单编号',
  PRIMARY KEY (`role_id`,`menu_id`)
) ENGINE=InnoDB DEFAULT CHARSET=utf8 COLLATE=utf8_bin COMMENT='角色-菜单';

-- ----------------------------
--  Records of `sys_role_menu`
-- ----------------------------
BEGIN;
INSERT INTO `sys_role_menu` VALUES ('1', '1'), ('1', '10'), ('1', '11'), ('1', '12'), ('1', '13'), ('1', '14'), ('1', '15'), ('1', '16'), ('1', '17'), ('1', '18'), ('1', '19'), ('1', '2'), ('1', '20'), ('1', '21'), ('1', '22'), ('1', '24'), ('1', '27'), ('1', '28'), ('1', '29'), ('1', '3'), ('1', '30'), ('1', '3851e79fd13348cf94c65e07d5130196'), ('1', '4'), ('1', '5'), ('1', '56'), ('1', '57'), ('1', '58'), ('1', '59'), ('1', '6'), ('1', '67'), ('1', '68'), ('1', '7'), ('1', '71'), ('1', '79'), ('1', '8'), ('1', '80'), ('1', '81'), ('1', '82'), ('1', '83'), ('1', '85'), ('1', '9'), ('1', '92aef5f4045d4c31885ce8e108676cf0'), ('1', 'b7fa3822c39946d7becc4faff78dcd9e'), ('1', 'bd110d99bafb48e3a209f4933d66e218'), ('1', 'dd95dcb8394c461c95ee9d66eb9da74d');
COMMIT;

-- ----------------------------
--  Table structure for `sys_role_office`
-- ----------------------------
DROP TABLE IF EXISTS `sys_role_office`;
CREATE TABLE `sys_role_office` (
  `role_id` varchar(64) COLLATE utf8_bin NOT NULL COMMENT '角色编号',
  `office_id` varchar(64) COLLATE utf8_bin NOT NULL COMMENT '机构编号',
  PRIMARY KEY (`role_id`,`office_id`)
) ENGINE=InnoDB DEFAULT CHARSET=utf8 COLLATE=utf8_bin COMMENT='角色-机构';

-- ----------------------------
--  Table structure for `sys_user`
-- ----------------------------
DROP TABLE IF EXISTS `sys_user`;
CREATE TABLE `sys_user` (
  `id` varchar(64) COLLATE utf8_bin NOT NULL COMMENT '编号',
  `company_id` varchar(64) COLLATE utf8_bin NOT NULL COMMENT '归属公司',
  `office_id` varchar(64) COLLATE utf8_bin NOT NULL COMMENT '归属部门',
  `login_name` varchar(100) COLLATE utf8_bin NOT NULL COMMENT '登录名',
  `password` varchar(100) COLLATE utf8_bin NOT NULL COMMENT '密码',
  `no` varchar(100) COLLATE utf8_bin DEFAULT NULL COMMENT '工号',
  `name` varchar(100) COLLATE utf8_bin NOT NULL COMMENT '姓名',
  `email` varchar(200) COLLATE utf8_bin DEFAULT NULL COMMENT '邮箱',
  `phone` varchar(200) COLLATE utf8_bin DEFAULT NULL COMMENT '电话',
  `mobile` varchar(200) COLLATE utf8_bin DEFAULT NULL COMMENT '手机',
  `user_type` char(1) COLLATE utf8_bin DEFAULT NULL COMMENT '用户类型',
  `photo` varchar(1000) COLLATE utf8_bin DEFAULT NULL COMMENT '用户头像',
  `login_ip` varchar(100) COLLATE utf8_bin DEFAULT NULL COMMENT '最后登陆IP',
  `login_date` datetime DEFAULT NULL COMMENT '最后登陆时间',
  `login_flag` varchar(64) COLLATE utf8_bin DEFAULT NULL COMMENT '是否可登录',
  `create_by` varchar(64) COLLATE utf8_bin NOT NULL COMMENT '创建者',
  `create_date` datetime NOT NULL COMMENT '创建时间',
  `update_by` varchar(64) COLLATE utf8_bin NOT NULL COMMENT '更新者',
  `update_date` datetime NOT NULL COMMENT '更新时间',
  `remarks` varchar(255) COLLATE utf8_bin DEFAULT NULL COMMENT '备注信息',
  `del_flag` char(1) COLLATE utf8_bin NOT NULL DEFAULT '0' COMMENT '删除标记',
  PRIMARY KEY (`id`),
  KEY `sys_user_office_id` (`office_id`),
  KEY `sys_user_login_name` (`login_name`),
  KEY `sys_user_company_id` (`company_id`),
  KEY `sys_user_update_date` (`update_date`),
  KEY `sys_user_del_flag` (`del_flag`)
) ENGINE=InnoDB DEFAULT CHARSET=utf8 COLLATE=utf8_bin COMMENT='用户表';

-- ----------------------------
--  Records of `sys_user`
-- ----------------------------
BEGIN;
INSERT INTO `sys_user` VALUES ('1', '1cdd7ed4585241da9eab30fbcc4cbc8c', '23e27e9fa6324fc8be3c0f7f2e4e4797', 'admin', 'cd4fbb6f439fa01921d9ba5cc855d0018b40e877ed12d4e158c6d8ee', '0001', '系统管理员', '', '', '', '1', '', '0:0:0:0:0:0:0:1', '2017-07-14 16:56:03', '1', '1', '2013-05-27 08:00:00', '1', '2017-07-14 16:49:55', '最高管理员', '0');
COMMIT;

-- ----------------------------
--  Table structure for `sys_user_role`
-- ----------------------------
DROP TABLE IF EXISTS `sys_user_role`;
CREATE TABLE `sys_user_role` (
  `user_id` varchar(64) COLLATE utf8_bin NOT NULL COMMENT '用户编号',
  `role_id` varchar(64) COLLATE utf8_bin NOT NULL COMMENT '角色编号',
  PRIMARY KEY (`user_id`,`role_id`)
) ENGINE=InnoDB DEFAULT CHARSET=utf8 COLLATE=utf8_bin COMMENT='用户-角色';

-- ----------------------------
--  Records of `sys_user_role`
-- ----------------------------
BEGIN;
INSERT INTO `sys_user_role` VALUES ('1', '1');
COMMIT;

-- ----------------------------
--  Table structure for `table_template`
-- ----------------------------
DROP TABLE IF EXISTS `table_template`;
CREATE TABLE `table_template` (
  `id` varchar(64) COLLATE utf8_bin NOT NULL COMMENT '编号',
  `value` varchar(100) COLLATE utf8_bin NOT NULL COMMENT '数据值',
  `label` varchar(100) COLLATE utf8_bin NOT NULL COMMENT '标签名',
  `type` varchar(100) COLLATE utf8_bin NOT NULL COMMENT '类型',
  `description` varchar(100) COLLATE utf8_bin NOT NULL COMMENT '描述',
  `sort` decimal(10,0) NOT NULL COMMENT '排序（升序）',
  `parent_id` varchar(64) COLLATE utf8_bin DEFAULT '0' COMMENT '父级编号',
  `create_by` varchar(64) COLLATE utf8_bin NOT NULL COMMENT '创建者',
  `create_date` datetime NOT NULL COMMENT '创建时间',
  `update_by` varchar(64) COLLATE utf8_bin NOT NULL COMMENT '更新者',
  `update_date` datetime NOT NULL COMMENT '更新时间',
  `remarks` varchar(255) COLLATE utf8_bin DEFAULT NULL COMMENT '备注信息',
  `del_flag` char(1) COLLATE utf8_bin NOT NULL DEFAULT '0' COMMENT '删除标记',
  PRIMARY KEY (`id`),
  KEY `sys_dict_value` (`value`),
  KEY `sys_dict_label` (`label`),
  KEY `sys_dict_del_flag` (`del_flag`)
) ENGINE=InnoDB DEFAULT CHARSET=utf8 COLLATE=utf8_bin COMMENT='字典表';

-- ----------------------------
--  Table structure for `test_data`
-- ----------------------------
DROP TABLE IF EXISTS `test_data`;
CREATE TABLE `test_data` (
  `id` varchar(64) NOT NULL COMMENT '编号',
  `user_id` varchar(64) DEFAULT NULL COMMENT '归属用户',
  `office_id` varchar(64) DEFAULT NULL COMMENT '归属部门',
  `area_id` varchar(64) DEFAULT NULL COMMENT '归属区域',
  `name` varchar(100) DEFAULT NULL COMMENT '名称',
  `sex` char(1) DEFAULT NULL COMMENT '性别',
  `in_date` date DEFAULT NULL COMMENT '加入日期',
  `create_by` varchar(64) NOT NULL COMMENT '创建者',
  `create_date` datetime NOT NULL COMMENT '创建时间',
  `update_by` varchar(64) NOT NULL COMMENT '更新者',
  `update_date` datetime NOT NULL COMMENT '更新时间',
  `remarks` varchar(255) DEFAULT NULL COMMENT '备注信息',
  `del_flag` char(1) NOT NULL DEFAULT '0' COMMENT '删除标记',
  PRIMARY KEY (`id`),
  KEY `test_data_del_flag` (`del_flag`)
) ENGINE=MyISAM DEFAULT CHARSET=utf8 COMMENT='业务数据表';

-- ----------------------------
--  Table structure for `test_data_child`
-- ----------------------------
DROP TABLE IF EXISTS `test_data_child`;
CREATE TABLE `test_data_child` (
  `id` varchar(64) NOT NULL COMMENT '编号',
  `test_data_main_id` varchar(64) DEFAULT NULL COMMENT '业务主表ID',
  `name` varchar(100) DEFAULT NULL COMMENT '名称',
  `create_by` varchar(64) NOT NULL COMMENT '创建者',
  `create_date` datetime NOT NULL COMMENT '创建时间',
  `update_by` varchar(64) NOT NULL COMMENT '更新者',
  `update_date` datetime NOT NULL COMMENT '更新时间',
  `remarks` varchar(255) DEFAULT NULL COMMENT '备注信息',
  `del_flag` char(1) NOT NULL DEFAULT '0' COMMENT '删除标记',
  PRIMARY KEY (`id`),
  KEY `test_data_child_del_flag` (`del_flag`)
) ENGINE=MyISAM DEFAULT CHARSET=utf8 COMMENT='业务数据子表';

-- ----------------------------
--  Table structure for `test_data_main`
-- ----------------------------
DROP TABLE IF EXISTS `test_data_main`;
CREATE TABLE `test_data_main` (
  `id` varchar(64) NOT NULL COMMENT '编号',
  `user_id` varchar(64) DEFAULT NULL COMMENT '归属用户',
  `office_id` varchar(64) DEFAULT NULL COMMENT '归属部门',
  `area_id` varchar(64) DEFAULT NULL COMMENT '归属区域',
  `name` varchar(100) DEFAULT NULL COMMENT '名称',
  `sex` char(1) DEFAULT NULL COMMENT '性别',
  `in_date` date DEFAULT NULL COMMENT '加入日期',
  `create_by` varchar(64) NOT NULL COMMENT '创建者',
  `create_date` datetime NOT NULL COMMENT '创建时间',
  `update_by` varchar(64) NOT NULL COMMENT '更新者',
  `update_date` datetime NOT NULL COMMENT '更新时间',
  `remarks` varchar(255) DEFAULT NULL COMMENT '备注信息',
  `del_flag` char(1) NOT NULL DEFAULT '0' COMMENT '删除标记',
  PRIMARY KEY (`id`),
  KEY `test_data_main_del_flag` (`del_flag`)
) ENGINE=MyISAM DEFAULT CHARSET=utf8 COMMENT='业务数据表';

-- ----------------------------
--  Table structure for `test_data_zgf`
-- ----------------------------
DROP TABLE IF EXISTS `test_data_zgf`;
CREATE TABLE `test_data_zgf` (
  `id` varchar(64) NOT NULL COMMENT '编号',
  `user_id` varchar(64) DEFAULT NULL COMMENT '归属用户',
  `office_id` varchar(64) DEFAULT NULL COMMENT '归属部门',
  `area_id` varchar(64) DEFAULT NULL COMMENT '归属区域',
  `name` varchar(100) DEFAULT NULL COMMENT '名称',
  `sex` char(1) DEFAULT NULL COMMENT '性别',
  `in_date` date DEFAULT NULL COMMENT '加入日期',
  `create_by` varchar(64) NOT NULL COMMENT '创建者',
  `create_date` datetime NOT NULL COMMENT '创建时间',
  `update_by` varchar(64) NOT NULL COMMENT '更新者',
  `update_date` datetime NOT NULL COMMENT '更新时间',
  `remarks` varchar(255) DEFAULT NULL COMMENT '备注信息',
  `del_flag` char(1) NOT NULL DEFAULT '0' COMMENT '删除标记',
  PRIMARY KEY (`id`),
  KEY `test_data_del_flag` (`del_flag`)
) ENGINE=MyISAM DEFAULT CHARSET=utf8 COMMENT='业务数据表';

-- ----------------------------
--  Table structure for `test_tree`
-- ----------------------------
DROP TABLE IF EXISTS `test_tree`;
CREATE TABLE `test_tree` (
  `id` varchar(64) NOT NULL COMMENT '编号',
  `parent_id` varchar(64) NOT NULL COMMENT '父级编号',
  `parent_ids` varchar(2000) NOT NULL COMMENT '所有父级编号',
  `name` varchar(100) NOT NULL COMMENT '名称',
  `sort` decimal(10,0) NOT NULL COMMENT '排序',
  `create_by` varchar(64) NOT NULL COMMENT '创建者',
  `create_date` datetime NOT NULL COMMENT '创建时间',
  `update_by` varchar(64) NOT NULL COMMENT '更新者',
  `update_date` datetime NOT NULL COMMENT '更新时间',
  `remarks` varchar(255) DEFAULT NULL COMMENT '备注信息',
  `del_flag` char(1) NOT NULL DEFAULT '0' COMMENT '删除标记',
  PRIMARY KEY (`id`),
  KEY `test_tree_del_flag` (`del_flag`),
  KEY `test_data_parent_id` (`parent_id`)
) ENGINE=MyISAM DEFAULT CHARSET=utf8 COMMENT='树结构表';

SET FOREIGN_KEY_CHECKS = 1;
